rk,school,div,str,ofs,dfs,sos
1,Washington,D1,2.901,1.703,0.587,1.407
2,Southern California,D1,2.763,1.662,0.602,1.581
3,Minnesota,D1,2.465,1.570,0.637,1.633
4,Penn St.,D1,2.424,1.557,0.642,1.386
5,Illinois,D1,2.374,1.541,0.649,1.480
6,Kansas,D1,2.345,1.531,0.653,1.207
7,Texas,D1,2.331,1.527,0.655,1.438
8,Nebraska,D1,2.291,1.514,0.661,1.576
9,Wisconsin,D1,2.201,1.484,0.674,1.624
10,Stanford,D1,2.200,1.483,0.674,1.894
11,BYU,D1,2.185,1.478,0.676,1.311
12,Florida,D1,2.170,1.473,0.679,1.557
13,Arizona St.,D1,2.157,1.469,0.681,1.363
14,Ohio St.,D1,2.093,1.447,0.691,1.552
15,UCLA,D1,2.073,1.440,0.695,1.631
16,Hawaii,D1,2.036,1.427,0.701,1.277
17,Louisville,D1,2.031,1.425,0.702,1.554
18,Arizona,D1,1.961,1.400,0.714,1.314
19,North Carolina,D1,1.927,1.388,0.720,1.659
20,Florida St.,D1,1.926,1.388,0.721,1.463
21,Michigan St.,D1,1.801,1.342,0.745,1.409
22,Western Ky.,D1,1.797,1.340,0.746,1.129
23,Kansas St.,D1,1.786,1.336,0.748,1.378
24,Arkansas St.,D1,1.747,1.322,0.757,1.078
25,Pacific,D1,1.736,1.318,0.759,1.334
26,SMU,D1,1.734,1.317,0.759,1.262
27,Rockhurst,D2,1.733,1.316,0.760,0.726
28,Oregon,D1,1.729,1.315,0.760,1.347
29,Michigan,D1,1.721,1.312,0.762,1.393
30,Northwestern,D1,1.714,1.309,0.764,1.354
31,Northern St.,D2,1.699,1.303,0.767,0.659
32,Kentucky,D1,1.696,1.302,0.768,1.541
33,San Diego,D1,1.692,1.301,0.769,1.499
34,Purdue,D1,1.690,1.300,0.769,1.143
35,Ohio,D1,1.678,1.295,0.772,1.267
36,Colorado St.,D1,1.650,1.284,0.779,1.213
37,Arkansas,D1,1.650,1.284,0.779,1.278
38,TCU,D1,1.646,1.283,0.779,1.229
39,Iowa,D1,1.646,1.283,0.779,1.495
40,Iowa St.,D1,1.638,1.280,0.781,1.478
41,Missouri,D1,1.637,1.279,0.782,1.227
42,Santa Clara,D1,1.635,1.279,0.782,1.289
43,Gonzaga,D1,1.632,1.278,0.783,1.356
44,San Francisco,D1,1.628,1.276,0.784,1.161
45,Texas A&M,D1,1.626,1.275,0.784,1.453
46,Creighton,D1,1.621,1.273,0.785,1.518
47,Temple,D1,1.609,1.268,0.788,1.039
48,Boise St.,D1,1.602,1.266,0.790,1.301
49,Pittsburgh,D1,1.599,1.265,0.791,1.173
50,Oklahoma,D1,1.592,1.262,0.793,1.503
51,New Mexico St.,D1,1.570,1.253,0.798,1.177
52,Idaho St.,D1,1.565,1.251,0.799,1.332
53,Dayton,D1,1.559,1.248,0.801,1.138
54,Cal Poly,D1,1.548,1.244,0.804,1.131
55,Washington St.,D1,1.546,1.243,0.804,1.222
56,Appalachian St.,D1,1.538,1.240,0.806,1.043
57,American,D1,1.515,1.231,0.813,0.989
58,Loyola Marymount,D1,1.509,1.228,0.814,1.300
59,Duke,D1,1.509,1.228,0.814,1.390
60,Northern Ariz.,D1,1.500,1.225,0.817,1.151
61,Virginia,D1,1.498,1.224,0.817,1.281
62,Pepperdine,D1,1.494,1.222,0.818,1.306
63,Murray St.,D1,1.481,1.217,0.822,0.955
64,Miami (FL),D1,1.481,1.217,0.822,1.400
65,UTSA,D1,1.481,1.217,0.822,1.071
66,Missouri St.,D1,1.476,1.215,0.823,1.317
67,Marquette,D1,1.471,1.213,0.825,1.308
68,Wichita St.,D1,1.466,1.211,0.826,1.327
69,Syracuse,D1,1.438,1.199,0.834,1.073
70,Wyoming,D1,1.435,1.198,0.835,1.269
71,Sacramento St.,D1,1.435,1.198,0.835,1.081
72,Colorado,D1,1.435,1.198,0.835,1.383
73,Tampa,D2,1.434,1.198,0.835,1.028
74,Virginia Tech,D1,1.431,1.196,0.836,1.232
75,Illinois St.,D1,1.426,1.194,0.837,1.115
76,Villanova,D1,1.423,1.193,0.838,1.092
77,New Mexico,D1,1.419,1.191,0.839,1.222
78,Long Beach St.,D1,1.418,1.191,0.840,1.253
79,Denver,D1,1.410,1.187,0.842,1.078
80,Georgia Tech,D1,1.392,1.180,0.848,1.068
81,UNCW,D1,1.381,1.175,0.851,1.002
82,Baylor,D1,1.378,1.174,0.852,1.215
83,Minn. Duluth,D2,1.364,1.168,0.856,0.913
84,Utah,D1,1.345,1.160,0.862,1.372
85,Wayne St. (NE),D2,1.336,1.156,0.865,0.838
86,Rice,D1,1.333,1.155,0.866,1.130
87,Texas Tech,D1,1.333,1.155,0.866,1.024
88,Northern Ill.,D1,1.326,1.152,0.868,1.262
89,Concordia-St. Paul,D2,1.324,1.151,0.869,1.063
90,Portland,D1,1.323,1.150,0.869,1.147
91,Ferris St.,D2,1.322,1.150,0.870,0.849
92,Coastal Caro.,D1,1.302,1.141,0.876,1.007
93,Wheeling Jesuit,D2,1.302,1.141,0.876,0.715
94,Chattanooga,D1,1.301,1.141,0.877,0.834
95,Indiana,D1,1.300,1.140,0.877,1.122
96,UNLV,D1,1.299,1.140,0.877,1.153
97,Alas. Anchorage,D2,1.298,1.139,0.878,0.729
98,Central Okla.,D2,1.296,1.138,0.878,0.700
99,Xavier,D1,1.295,1.138,0.879,1.230
100,Southern Ill.,D1,1.286,1.134,0.882,1.121
101,Southwest Minn. St.,D2,1.283,1.133,0.883,0.991
102,Tennessee,D1,1.279,1.131,0.884,0.867
103,A&M-Corpus Chris,D1,1.278,1.130,0.885,0.770
104,Lipscomb,D1,1.275,1.129,0.886,1.137
105,Miami (OH),D1,1.275,1.129,0.886,1.188
106,Fla. Atlantic,D1,1.274,1.129,0.886,0.994
107,James Madison,D1,1.271,1.127,0.887,0.892
108,North Carolina St.,D1,1.270,1.127,0.887,0.959
109,Saint Louis,D1,1.266,1.125,0.889,0.978
110,UCF,D1,1.261,1.123,0.891,1.158
111,Cleveland St.,D1,1.260,1.122,0.891,0.990
112,Southern Utah,D1,1.259,1.122,0.891,0.987
113,Loyola Chicago,D1,1.255,1.120,0.893,0.882
114,Cincinnati,D1,1.245,1.116,0.896,1.094
115,UMKC,D1,1.244,1.115,0.896,1.104
116,IUPUI,D1,1.243,1.115,0.897,1.126
117,Seattle,D1,1.236,1.112,0.899,1.038
118,Little Rock,D1,1.234,1.111,0.900,1.077
119,California,D1,1.232,1.110,0.901,1.361
120,Central Mo.,D2,1.231,1.109,0.901,0.781
121,Auburn,D1,1.223,1.106,0.904,1.145
122,LSU,D1,1.219,1.104,0.906,1.316
123,Maryland,D1,1.219,1.104,0.906,1.179
124,Alabama,D1,1.217,1.103,0.906,1.160
125,Towson,D1,1.212,1.101,0.908,0.854
126,Rhode Island,D1,1.211,1.101,0.909,0.969
127,Texas-Arlington,D1,1.210,1.100,0.909,1.011
128,Fla. Southern,D2,1.207,1.099,0.910,0.707
129,Col. of Charleston,D1,1.193,1.092,0.915,1.100
130,Fresno St.,D1,1.184,1.088,0.919,1.103
131,Oregon St.,D1,1.179,1.086,0.921,1.550
132,Furman,D1,1.173,1.083,0.923,0.992
133,UNI,D1,1.171,1.082,0.924,1.280
134,St. John's (NY),D1,1.168,1.081,0.925,1.117
135,Texas St.,D1,1.165,1.079,0.927,1.108
136,Butler,D1,1.162,1.078,0.928,1.270
137,Eastern Mich.,D1,1.159,1.077,0.929,1.108
138,Boston College,D1,1.153,1.074,0.931,1.042
139,St. Mary's (CA),D1,1.149,1.072,0.933,1.343
140,Mississippi St.,D1,1.149,1.072,0.933,0.899
141,Ole Miss,D1,1.148,1.072,0.933,0.914
142,North Dakota,D1,1.145,1.070,0.935,0.971
143,George Washington,D1,1.144,1.070,0.935,1.038
144,Indiana St.,D1,1.140,1.068,0.937,0.990
145,Memphis,D1,1.136,1.066,0.938,0.921
146,UC Irvine,D1,1.127,1.062,0.942,1.299
147,Neb.-Kearney,D2,1.127,1.061,0.942,0.760
148,Hofstra,D1,1.124,1.060,0.943,0.950
149,Winona St.,D2,1.121,1.059,0.944,0.900
150,Valparaiso,D1,1.121,1.059,0.945,0.788
151,Western Wash.,D2,1.115,1.056,0.947,0.810
152,Palm Beach Atl.,D2,1.113,1.055,0.948,0.839
153,Oakland,D1,1.111,1.054,0.949,1.123
154,North Texas,D1,1.109,1.053,0.950,1.133
155,UC Davis,D1,1.103,1.050,0.952,1.205
156,UC Santa Barbara,D1,1.103,1.050,0.952,1.333
157,North Dakota St.,D1,1.103,1.050,0.952,1.132
158,Nevada,D1,1.100,1.049,0.954,1.194
159,Portland St.,D1,1.097,1.048,0.955,1.231
160,Eastern Wash.,D1,1.092,1.045,0.957,1.115
161,FGCU,D1,1.088,1.043,0.959,0.949
162,Delaware,D1,1.087,1.043,0.959,1.060
163,Oral Roberts,D1,1.086,1.042,0.960,1.031
164,San Diego St.,D1,1.082,1.040,0.961,1.384
165,ETSU,D1,1.077,1.038,0.964,0.842
166,Seton Hall,D1,1.076,1.037,0.964,1.149
167,Kent St.,D1,1.063,1.031,0.970,1.126
168,Wake Forest,D1,1.062,1.030,0.970,1.000
169,Green Bay,D1,1.061,1.030,0.971,0.984
170,Augustana (SD),D2,1.060,1.030,0.971,0.843
171,West Florida,D2,1.050,1.025,0.976,0.657
172,UC San Diego,D2,1.048,1.024,0.977,0.835
173,Houston,D1,1.048,1.024,0.977,0.887
174,South Carolina,D1,1.044,1.022,0.979,1.043
175,Kennesaw St.,D1,1.042,1.021,0.980,0.853
176,UConn,D1,1.041,1.020,0.980,0.986
177,Southern Miss.,D1,1.039,1.020,0.981,0.848
178,Stephen F. Austin,D1,1.039,1.019,0.981,0.937
179,Western Mich.,D1,1.037,1.019,0.982,1.161
180,Eastern Ill.,D1,1.037,1.018,0.982,0.990
181,Sam Houston St.,D1,1.037,1.018,0.982,0.993
182,Tulsa,D1,1.035,1.017,0.983,1.131
183,Calvin,D3,1.033,1.016,0.984,0.542
184,Drury,D2,1.031,1.015,0.985,0.639
185,Albany (NY),D1,1.029,1.014,0.986,0.983
186,Yale,D1,1.023,1.011,0.989,0.988
187,DePaul,D1,1.015,1.008,0.992,0.860
188,South Dakota,D1,1.011,1.006,0.994,1.059
189,Saint Leo,D2,1.011,1.005,0.995,0.862
190,North Florida,D1,1.010,1.005,0.995,0.843
191,Notre Dame,D1,1.009,1.005,0.995,1.247
192,Washburn,D2,1.006,1.003,0.997,0.659
193,Central Ark.,D1,1.003,1.001,0.999,0.980
194,Princeton,D1,1.003,1.001,0.999,0.897
195,Milwaukee,D1,0.999,0.999,1.001,1.195
196,Utah Valley,D1,0.999,0.999,1.001,1.062
197,West Virginia,D1,0.999,0.999,1.001,1.219
198,Charlotte,D1,0.997,0.998,1.002,1.045
199,Northern Colo.,D1,0.993,0.996,1.004,1.224
200,Clemson,D1,0.989,0.995,1.005,1.206
201,Idaho,D1,0.988,0.994,1.006,1.150
202,San Jose St.,D1,0.988,0.994,1.006,0.872
203,Grand Valley St.,D2,0.982,0.991,1.009,0.796
204,Jacksonville,D1,0.982,0.991,1.009,1.112
205,Harvard,D1,0.979,0.990,1.011,1.024
206,Marshall,D1,0.977,0.989,1.012,0.942
207,CSUN,D1,0.974,0.987,1.013,1.282
208,New Hampshire,D1,0.971,0.986,1.015,0.919
209,S.C. Aiken,D2,0.970,0.985,1.015,0.619
210,Air Force,D1,0.967,0.984,1.017,1.079
211,McKendree,D2,0.967,0.983,1.017,0.789
212,Omaha,D1,0.966,0.983,1.017,0.957
213,Hillsdale,D2,0.963,0.981,1.019,0.687
214,Army West Point,D1,0.960,0.980,1.021,0.938
215,Weber St.,D1,0.959,0.979,1.021,1.009
216,Angelo St.,D2,0.957,0.978,1.022,0.676
217,South Fla.,D1,0.953,0.976,1.024,1.169
218,Central Wash.,D2,0.952,0.976,1.025,0.840
219,UC Riverside,D1,0.951,0.975,1.025,1.113
220,North Ala.,D2,0.947,0.973,1.028,0.599
221,Findlay,D2,0.946,0.973,1.028,0.679
222,UNCG,D1,0.945,0.972,1.028,0.804
223,Ball St.,D1,0.944,0.972,1.029,1.055
224,Liberty,D1,0.942,0.971,1.030,0.972
225,Point Loma,D2,0.942,0.970,1.031,0.833
226,Penn,D1,0.938,0.969,1.032,0.887
227,FIU,D1,0.936,0.967,1.034,0.865
228,Duquesne,D1,0.932,0.966,1.036,0.969
229,Drake,D1,0.932,0.966,1.036,0.925
230,Cal St. San B'dino,D2,0.929,0.964,1.038,0.710
231,Saginaw Valley,D2,0.927,0.963,1.038,0.709
232,Montana,D1,0.925,0.962,1.040,1.056
233,Minn. St. Moorhead,D2,0.923,0.961,1.041,0.725
234,Ill.-Chicago,D1,0.922,0.960,1.041,0.953
235,Dartmouth,D1,0.922,0.960,1.042,1.097
236,Central Mich.,D1,0.922,0.960,1.042,1.004
237,Utah St.,D1,0.920,0.959,1.042,1.224
238,Mo. Western St.,D2,0.920,0.959,1.043,0.717
239,South Ala.,D1,0.919,0.959,1.043,0.938
240,Azusa Pacific,D2,0.917,0.957,1.044,0.774
241,Texas Woman's,D2,0.911,0.954,1.048,0.639
242,Brown,D1,0.910,0.954,1.049,0.781
243,Troy,D1,0.909,0.954,1.049,1.020
244,Montana St.,D1,0.909,0.953,1.049,1.043
245,CSU Bakersfield,D1,0.909,0.953,1.049,1.213
246,Tulane,D1,0.906,0.952,1.050,0.934
247,Winthrop,D1,0.906,0.952,1.051,0.922
248,Lehigh,D1,0.901,0.949,1.053,0.831
249,Bowling Green,D1,0.900,0.949,1.054,1.106
250,Lamar,D1,0.897,0.947,1.056,0.747
251,VCU,D1,0.897,0.947,1.056,1.047
252,Emory,D3,0.896,0.946,1.057,0.513
253,Minn. St. Mankato,D2,0.893,0.945,1.058,0.836
254,Tarleton St.,D2,0.888,0.943,1.061,0.627
255,Ark.-Fort Smith,D2,0.888,0.942,1.061,0.692
256,Lewis,D2,0.887,0.942,1.062,0.640
257,Youngstown St.,D1,0.883,0.940,1.064,0.959
258,Colorado Mines,D2,0.883,0.940,1.064,0.695
259,UTEP,D1,0.883,0.940,1.064,1.038
260,Ashland,D2,0.882,0.939,1.065,0.794
261,Middle Tenn.,D1,0.881,0.939,1.065,1.158
262,Concordia Portland,D2,0.880,0.938,1.066,0.708
263,Radford,D1,0.880,0.938,1.066,0.848
264,McNeese St.,D1,0.879,0.937,1.067,0.973
265,Georgia St.,D1,0.878,0.937,1.067,0.889
266,Sonoma St.,D2,0.878,0.937,1.067,0.681
267,California Baptist,D2,0.874,0.935,1.069,0.641
268,Embry-Riddle (FL),D2,0.873,0.934,1.070,0.632
269,Pitt.-Johnstown,D2,0.872,0.934,1.071,0.596
270,Georgia,D1,0.872,0.934,1.071,1.051
271,USC Upstate,D1,0.870,0.933,1.072,0.790
272,Northwest Nazarene,D2,0.869,0.932,1.073,0.787
273,Missouri S&T,D2,0.860,0.928,1.078,0.770
274,High Point,D1,0.859,0.927,1.079,0.780
275,Wingate,D2,0.858,0.926,1.079,0.568
276,Sacred Heart,D1,0.856,0.925,1.081,0.750
277,Northwest Mo. St.,D2,0.856,0.925,1.081,0.666
278,Providence,D1,0.853,0.923,1.083,0.812
279,Samford,D1,0.853,0.923,1.083,0.866
280,Michigan Tech,D2,0.850,0.922,1.085,0.625
281,Belmont,D1,0.848,0.921,1.086,0.987
282,Rutgers,D1,0.847,0.920,1.086,1.195
283,Cameron,D2,0.847,0.920,1.086,0.617
284,Wittenberg,D3,0.836,0.915,1.093,0.495
285,Stony Brook,D1,0.836,0.914,1.094,0.960
286,Wright St.,D1,0.836,0.914,1.094,0.823
287,Chico St.,D2,0.834,0.913,1.095,0.625
288,Northern Ky.,D1,0.833,0.912,1.096,0.894
289,Eckerd,D2,0.832,0.912,1.096,0.723
290,Incarnate Word,D1,0.832,0.912,1.096,0.980
291,UTRGV,D1,0.832,0.912,1.096,0.768
292,IPFW,D1,0.826,0.909,1.100,0.982
293,Carson-Newman,D2,0.822,0.907,1.103,0.629
294,Georgetown,D1,0.822,0.907,1.103,0.851
295,Flagler,D2,0.818,0.904,1.106,0.552
296,Akron,D1,0.815,0.903,1.108,0.799
297,Southern Ind.,D2,0.815,0.903,1.108,0.609
298,Ga. Southern,D1,0.811,0.900,1.111,0.863
299,Truman,D2,0.810,0.900,1.111,0.734
300,Western N.M.,D2,0.810,0.900,1.111,0.628
301,Abilene Christian,D1,0.810,0.900,1.111,1.187
302,East Carolina,D1,0.808,0.899,1.113,0.729
303,William & Mary,D1,0.806,0.898,1.114,0.815
304,Washington-St. Louis,D3,0.804,0.897,1.115,0.515
305,Juniata,D3,0.799,0.894,1.119,0.482
306,Armstrong,D2,0.797,0.893,1.120,0.614
307,Houston Baptist,D1,0.796,0.892,1.121,0.828
308,La.-Monroe,D1,0.795,0.892,1.121,0.717
309,Siena,D1,0.795,0.892,1.122,0.747
310,Barry,D2,0.793,0.891,1.123,0.793
311,Campbell,D1,0.793,0.890,1.123,0.873
312,Cal St. Fullerton,D1,0.793,0.890,1.123,1.257
313,Cal St. L.A.,D2,0.791,0.890,1.124,0.641
314,Newman,D2,0.790,0.889,1.125,0.613
315,Valdosta St.,D2,0.788,0.888,1.127,0.514
316,UAB,D1,0.780,0.883,1.133,0.769
317,Columbia,D1,0.777,0.882,1.134,0.880
318,Southeast Mo. St.,D1,0.774,0.880,1.136,0.946
319,Sioux Falls,D2,0.769,0.877,1.140,0.763
320,Wofford,D1,0.769,0.877,1.140,0.809
321,Marist,D1,0.768,0.876,1.141,0.688
322,Humboldt St.,D2,0.768,0.876,1.141,0.730
323,Elon,D1,0.767,0.876,1.142,0.915
324,Cal Lutheran,D3,0.767,0.876,1.142,0.486
325,LIU Brooklyn,D1,0.765,0.875,1.143,1.122
326,Northwestern St.,D1,0.765,0.875,1.143,1.004
327,George Mason,D1,0.761,0.872,1.146,0.944
328,Lander,D2,0.760,0.872,1.147,0.531
329,Fairfield,D1,0.758,0.871,1.148,0.690
330,Bryant,D1,0.758,0.871,1.149,0.762
331,Colorado Col.,D3,0.757,0.870,1.149,0.450
332,Western Caro.,D1,0.757,0.870,1.149,0.910
333,UNC Asheville,D1,0.756,0.870,1.150,0.733
334,Emporia St.,D2,0.756,0.870,1.150,0.697
335,Northern Mich.,D2,0.756,0.870,1.150,0.640
336,Southern Wesleyan,D2,0.756,0.870,1.150,0.592
337,UIndy,D2,0.755,0.869,1.151,0.826
338,Toledo,D1,0.753,0.868,1.152,0.965
339,Wis.-Stevens Point,D3,0.753,0.868,1.152,0.505
340,Bethune-Cookman,D1,0.753,0.868,1.152,0.852
341,Austin Peay,D1,0.752,0.867,1.153,0.916
342,Chris. Newport,D3,0.751,0.867,1.154,0.513
343,Buffalo,D1,0.751,0.866,1.154,1.074
344,Edinboro,D2,0.750,0.866,1.155,0.496
345,BYU-Hawaii,D2,0.750,0.866,1.155,0.779
346,Wis.-Parkside,D2,0.750,0.866,1.155,0.739
347,Metro St.,D2,0.748,0.865,1.157,0.750
348,Florida Tech,D2,0.747,0.864,1.157,0.599
349,Davidson,D1,0.744,0.863,1.159,0.845
350,Lenoir-Rhyne,D2,0.742,0.861,1.161,0.636
351,Colgate,D1,0.741,0.861,1.161,0.933
352,Robert Morris,D1,0.741,0.861,1.162,0.778
353,Central Conn. St.,D1,0.740,0.860,1.162,0.708
354,Cornell,D1,0.739,0.860,1.163,0.911
355,Upper Iowa,D2,0.739,0.860,1.163,0.813
356,Tennessee St.,D1,0.738,0.859,1.164,0.714
357,Bradley,D1,0.736,0.858,1.166,0.882
358,UC-Colo. Springs,D2,0.734,0.856,1.168,0.647
359,UMBC,D1,0.731,0.855,1.170,0.779
360,Hawaii Pacific,D2,0.730,0.854,1.170,0.585
361,Evansville,D1,0.729,0.854,1.171,0.849
362,Bucknell,D1,0.729,0.854,1.171,0.721
363,Cal Poly Pomona,D2,0.727,0.853,1.173,0.740
364,Colorado Mesa,D2,0.727,0.853,1.173,0.748
365,Grand Canyon,D1,0.726,0.852,1.174,1.120
366,Northeastern,D1,0.726,0.852,1.174,0.945
367,Okla. Baptist,D2,0.725,0.852,1.174,0.696
368,Cal St. Stanislaus,D2,0.725,0.852,1.174,0.586
369,St. Cloud St.,D2,0.725,0.851,1.175,0.742
370,Carthage,D3,0.723,0.850,1.176,0.525
371,Charleston So.,D1,0.720,0.849,1.178,0.756
372,Dixie St.,D2,0.720,0.848,1.179,0.739
373,Texas-Dallas,D3,0.718,0.848,1.180,0.422
374,Mo.-St. Louis,D2,0.717,0.846,1.181,0.774
375,La.-Lafayette,D1,0.716,0.846,1.182,0.918
376,Chicago,D3,0.716,0.846,1.182,0.521
377,Minn.-Crookston,D2,0.715,0.846,1.182,0.696
378,Wis.-Whitewater,D3,0.715,0.846,1.183,0.522
379,Southeastern La.,D1,0.715,0.845,1.183,0.820
380,Eastern Ky.,D1,0.714,0.845,1.183,1.057
381,GRU Augusta,D2,0.714,0.845,1.184,0.618
382,Arkansas Tech,D2,0.714,0.845,1.184,0.614
383,Binghamton,D1,0.712,0.844,1.185,0.940
384,Chaminade,D2,0.711,0.843,1.186,0.597
385,Ohio Dominican,D2,0.711,0.843,1.186,0.686
386,Shorter,D2,0.709,0.842,1.187,0.602
387,Eastern,D3,0.709,0.842,1.187,0.403
388,Simon Fraser,D2,0.708,0.841,1.189,0.720
389,Tex. A&M-Kingsville,D2,0.708,0.841,1.189,0.641
390,Regis (CO),D2,0.706,0.840,1.190,0.754
391,New Orleans,D1,0.703,0.839,1.192,0.717
392,Howard,D1,0.703,0.838,1.193,0.821
393,Manhattan,D1,0.702,0.838,1.194,0.632
394,Morehead St.,D1,0.700,0.837,1.195,0.837
395,Navy,D1,0.700,0.836,1.196,0.959
396,Lindenwood (MO),D2,0.699,0.836,1.196,0.679
397,Lynn,D2,0.699,0.836,1.196,0.659
398,Lock Haven,D2,0.697,0.835,1.198,0.561
399,Claremont-M-S,D3,0.696,0.834,1.199,0.474
400,Wartburg,D3,0.693,0.833,1.201,0.447
401,Montevallo,D2,0.692,0.832,1.202,0.535
402,Jacksonville St.,D1,0.691,0.831,1.203,0.639
403,SIUE,D1,0.691,0.831,1.203,0.898
404,Nicholls St.,D1,0.689,0.830,1.205,0.791
405,Mercyhurst,D2,0.688,0.830,1.205,0.669
406,Harding,D2,0.687,0.829,1.206,0.654
407,La Salle,D1,0.687,0.829,1.206,0.804
408,Mercer,D1,0.687,0.829,1.207,0.810
409,Ohio Northern,D3,0.687,0.829,1.207,0.462
410,Southwestern (TX),D3,0.685,0.828,1.208,0.396
411,Louisiana Tech,D1,0.683,0.826,1.210,0.812
412,Gannon,D2,0.682,0.826,1.211,0.585
413,UMES,D1,0.682,0.826,1.211,0.580
414,Hawaii Hilo,D2,0.678,0.823,1.215,0.540
415,Clarion,D2,0.676,0.822,1.216,0.613
416,Tennessee Tech,D1,0.676,0.822,1.216,0.850
417,Randolph-Macon,D3,0.675,0.822,1.217,0.376
418,Bridgeport,D2,0.674,0.821,1.218,0.585
419,Hope,D3,0.672,0.820,1.220,0.520
420,Rider,D1,0.670,0.818,1.222,0.593
421,Lafayette,D1,0.669,0.818,1.222,0.635
422,Nova Southeastern,D2,0.669,0.818,1.223,0.666
423,Gardner-Webb,D1,0.667,0.817,1.224,0.824
424,West Chester,D2,0.667,0.817,1.225,0.361
425,Saint Benedict,D3,0.666,0.816,1.225,0.550
426,UT Martin,D1,0.665,0.816,1.226,0.930
427,Amherst,D3,0.665,0.815,1.227,0.362
428,Northwood (MI),D2,0.664,0.815,1.227,0.726
429,Fort Hays St.,D2,0.663,0.814,1.228,0.728
430,Dowling,D2,0.660,0.812,1.231,0.472
431,Limestone,D2,0.659,0.812,1.232,0.512
432,Stetson,D1,0.658,0.811,1.233,0.794
433,Seton Hill,D2,0.657,0.811,1.233,0.501
434,Lincoln Memorial,D2,0.657,0.810,1.234,0.641
435,P.R.-Mayaguez,D2,0.653,0.808,1.237,0.475
436,Lubbock Christian,D2,0.651,0.807,1.239,0.571
437,Ala.-Huntsville,D2,0.650,0.806,1.240,0.478
438,Saint Mary's (MN),D3,0.649,0.805,1.242,0.476
439,Quincy,D2,0.647,0.804,1.243,0.676
440,Clarkson,D3,0.646,0.804,1.244,0.357
441,Fairmont St.,D2,0.643,0.802,1.247,0.484
442,Elmhurst,D3,0.642,0.801,1.248,0.548
443,Maryville (MO),D2,0.639,0.800,1.251,0.680
444,Dallas Baptist,D2,0.639,0.799,1.251,0.544
445,Bethel (MN),D3,0.638,0.799,1.252,0.484
446,LIU Post,D2,0.638,0.799,1.252,0.506
447,Ohio Wesleyan,D3,0.637,0.798,1.253,0.384
448,Wayne St. (MI),D2,0.636,0.798,1.254,0.718
449,Francis Marion,D2,0.635,0.797,1.255,0.574
450,Wis.-Eau Claire,D3,0.635,0.797,1.255,0.483
451,Shippensburg,D2,0.633,0.796,1.257,0.549
452,Florida A&M,D1,0.633,0.796,1.257,1.103
453,Case,D3,0.633,0.796,1.257,0.357
454,Loyola Maryland,D1,0.632,0.795,1.258,0.710
455,Citadel,D1,0.631,0.794,1.259,0.761
456,Fresno Pacific,D2,0.629,0.793,1.261,0.809
457,Wis.-Oshkosh,D3,0.629,0.793,1.261,0.467
458,West Tex. A&M,D2,0.623,0.789,1.267,0.715
459,California (PA),D2,0.621,0.788,1.269,0.650
460,Southern Ark.,D2,0.620,0.788,1.270,0.535
461,Carnegie Mellon,D3,0.615,0.784,1.275,0.405
462,Baldwin Wallace,D3,0.615,0.784,1.275,0.317
463,Ouachita Baptist,D2,0.613,0.783,1.278,0.515
464,Colo. Christian,D2,0.613,0.783,1.278,0.600
465,Canisius,D1,0.612,0.782,1.279,0.742
466,Western St.,D2,0.611,0.781,1.280,0.742
467,Dominican (CA),D2,0.610,0.781,1.280,0.645
468,Franklin Pierce,D2,0.610,0.781,1.281,0.510
469,Concordia (CA),D2,0.609,0.781,1.281,0.663
470,Geneva,D3,0.609,0.780,1.282,0.284
471,Mount Union,D3,0.606,0.778,1.285,0.463
472,Cedarville,D2,0.605,0.778,1.286,0.605
473,Niagara,D1,0.605,0.778,1.286,0.754
474,Wis.-La Crosse,D3,0.602,0.776,1.289,0.495
475,NYIT,D2,0.602,0.776,1.289,0.467
476,South Dakota St.,D1,0.602,0.776,1.289,1.237
477,Fordham,D1,0.601,0.776,1.289,0.702
478,Swarthmore,D3,0.600,0.775,1.291,0.369
479,Tusculum,D2,0.599,0.774,1.292,0.605
480,East Tex. Baptist,D3,0.598,0.773,1.294,0.436
481,Erskine,D2,0.597,0.773,1.294,0.519
482,Gust. Adolphus,D3,0.596,0.772,1.296,0.407
483,Southern Nazarene,D2,0.594,0.771,1.298,0.619
484,Springfield,D3,0.593,0.770,1.298,0.341
485,Seattle Pacific,D2,0.593,0.770,1.298,0.705
486,Anderson (SC),D2,0.590,0.768,1.302,0.563
487,Mary,D2,0.590,0.768,1.302,0.715
488,Coe,D3,0.589,0.768,1.303,0.487
489,Tex. A&M-Commerce,D2,0.588,0.767,1.304,0.608
490,Belmont Abbey,D2,0.585,0.765,1.307,0.502
491,Mary Washington,D3,0.583,0.764,1.310,0.438
492,Heidelberg,D3,0.582,0.763,1.311,0.465
493,Rollins,D2,0.581,0.762,1.312,0.804
494,Bellarmine,D2,0.579,0.761,1.314,0.592
495,Hendrix,D3,0.578,0.760,1.315,0.475
496,Northwestern-St. Paul,D3,0.577,0.760,1.316,0.423
497,Morgan St.,D1,0.577,0.760,1.316,0.734
498,Dominican (IL),D3,0.577,0.760,1.316,0.498
499,Augsburg,D3,0.576,0.759,1.317,0.480
500,Queens (NC),D2,0.576,0.759,1.318,0.616
501,Ill. Wesleyan,D3,0.574,0.758,1.319,0.469
502,Tufts,D3,0.574,0.757,1.320,0.490
503,Eastern N.M.,D2,0.570,0.755,1.325,0.682
504,Millersville,D2,0.569,0.754,1.326,0.476
505,Chicago St.,D1,0.566,0.753,1.329,1.061
506,Alabama St.,D1,0.566,0.753,1.329,0.663
507,Colorado St.-Pueblo,D2,0.566,0.752,1.329,0.668
508,Cal St. Monterey Bay,D2,0.565,0.752,1.330,0.635
509,San Fran. St.,D2,0.565,0.751,1.331,0.641
510,Tiffin,D2,0.564,0.751,1.332,0.524
511,La Verne,D3,0.560,0.748,1.336,0.382
512,Chadron St.,D2,0.559,0.748,1.338,0.640
513,Millikin,D3,0.559,0.747,1.338,0.480
514,Catawba,D2,0.557,0.747,1.340,0.536
515,King (TN),D2,0.555,0.745,1.342,0.564
516,Thomas More,D3,0.554,0.744,1.344,0.356
517,Indiana (PA),D2,0.554,0.744,1.344,0.409
518,Western Ill.,D1,0.549,0.741,1.349,0.974
519,Bluffton,D3,0.548,0.740,1.351,0.447
520,Iona,D1,0.547,0.739,1.352,0.803
521,Southwestern Okla.,D2,0.546,0.739,1.353,0.599
522,Brevard,D2,0.545,0.738,1.355,0.613
523,Concordia-M'head,D3,0.544,0.738,1.355,0.452
524,Brockport,D3,0.544,0.737,1.356,0.275
525,Birmingham-So.,D3,0.543,0.737,1.357,0.382
526,Whitworth,D3,0.543,0.737,1.358,0.421
527,Post,D2,0.542,0.736,1.359,0.389
528,Hiram,D3,0.541,0.736,1.359,0.404
529,Wilmington (DE),D2,0.541,0.736,1.359,0.421
530,Holy Cross,D1,0.541,0.736,1.360,0.688
531,Cal St. Dom. Hills,D2,0.540,0.735,1.361,0.644
532,DePauw,D3,0.539,0.734,1.362,0.494
533,Bethany (WV),D3,0.538,0.734,1.363,0.379
534,MIT,D3,0.538,0.733,1.364,0.287
535,North Greenville,D2,0.537,0.733,1.364,0.345
536,Adelphi,D2,0.536,0.732,1.365,0.493
537,Christian Bros.,D2,0.536,0.732,1.366,0.645
538,Trevecca Nazarene,D2,0.534,0.731,1.368,0.510
539,Stevenson,D3,0.534,0.730,1.369,0.406
540,Cal St. San Marcos,D2,0.533,0.730,1.370,0.652
541,Northwestern Okla.,D2,0.532,0.729,1.371,0.575
542,Bowdoin,D3,0.530,0.728,1.373,0.374
543,Coppin St.,D1,0.529,0.728,1.375,0.751
544,Caldwell,D2,0.526,0.725,1.379,0.411
545,Stockton,D3,0.525,0.724,1.381,0.329
546,Black Hills St.,D2,0.524,0.724,1.381,0.754
547,Fairleigh Dickinson,D1,0.523,0.723,1.382,0.641
548,Saint Francis (PA),D1,0.522,0.722,1.384,0.709
549,Georgia College,D2,0.521,0.722,1.386,0.615
550,Messiah,D3,0.520,0.721,1.386,0.312
551,West Ala.,D2,0.520,0.721,1.386,0.562
552,Charleston (WV),D2,0.520,0.721,1.386,0.454
553,Bentley,D2,0.520,0.721,1.387,0.551
554,Berry,D3,0.519,0.721,1.388,0.403
555,NJIT,D1,0.519,0.720,1.388,0.729
556,Augustana (IL),D3,0.519,0.720,1.388,0.483
557,Lake Erie,D2,0.516,0.719,1.392,0.629
558,Buena Vista,D3,0.515,0.718,1.393,0.451
559,Le Moyne,D2,0.515,0.718,1.393,0.417
560,Texas Southern,D1,0.512,0.716,1.398,0.943
561,St. Francis Brooklyn,D1,0.512,0.716,1.398,0.749
562,Edgewood,D3,0.512,0.715,1.398,0.424
563,Western Ore.,D2,0.511,0.715,1.399,0.699
564,Spring Hill,D2,0.511,0.715,1.399,0.280
565,South Carolina St.,D1,0.510,0.714,1.400,0.677
566,Frank. & Marsh.,D3,0.510,0.714,1.401,0.424
567,Presbyterian,D1,0.509,0.713,1.402,0.803
568,Bemidji St.,D2,0.507,0.712,1.404,0.766
569,Susquehanna,D3,0.507,0.712,1.404,0.431
570,Westminster (UT),D2,0.507,0.712,1.404,0.617
571,Ill.-Springfield,D2,0.504,0.710,1.409,0.705
572,Williams,D3,0.503,0.709,1.410,0.429
573,Southern N.H.,D2,0.503,0.709,1.411,0.500
574,Salisbury,D3,0.502,0.709,1.411,0.327
575,Southwest Baptist,D2,0.501,0.708,1.412,0.874
576,Notre Dame de Namur,D2,0.499,0.706,1.416,0.583
577,Tex. A&M Int'l,D2,0.495,0.703,1.422,0.553
578,Slippery Rock,D2,0.494,0.703,1.422,0.476
579,Wis.-Platteville,D3,0.493,0.702,1.424,0.494
580,Southeastern Okla.,D2,0.493,0.702,1.425,0.618
581,Loras,D3,0.492,0.701,1.426,0.472
582,Muhlenberg,D3,0.491,0.701,1.427,0.368
583,Johns Hopkins,D3,0.491,0.701,1.427,0.516
584,Oakland City,D2,0.491,0.700,1.428,0.632
585,Lee,D2,0.490,0.700,1.428,0.556
586,Wis.-Stout,D3,0.490,0.700,1.429,0.502
587,St. Mary's (IN),D3,0.489,0.699,1.431,0.436
588,Daemen,D2,0.488,0.699,1.431,0.489
589,Newberry,D2,0.485,0.697,1.436,0.542
590,South Dakota Mines,D2,0.484,0.696,1.437,0.649
591,Mary Hardin-Baylor,D3,0.484,0.695,1.438,0.418
592,St. Thomas (MN),D3,0.483,0.695,1.438,0.519
593,Middlebury,D3,0.483,0.695,1.438,0.302
594,William Jewell,D2,0.482,0.694,1.441,0.630
595,Walsh,D2,0.481,0.693,1.442,0.572
596,New Haven,D2,0.478,0.691,1.446,0.537
597,Cal St. East Bay,D2,0.476,0.690,1.449,0.597
598,Haverford,D3,0.475,0.690,1.450,0.336
599,Barton,D2,0.475,0.689,1.450,0.496
600,Philadelphia U.,D2,0.474,0.689,1.452,0.330
601,Minot St.,D2,0.474,0.688,1.453,0.661
602,Bloomfield,D2,0.474,0.688,1.453,0.374
603,Mars Hill,D2,0.473,0.688,1.454,0.537
604,Malone,D2,0.472,0.687,1.456,0.711
605,Wheaton (IL),D3,0.472,0.687,1.456,0.560
606,Fort Lewis,D2,0.471,0.687,1.456,0.610
607,Pittsburg St.,D2,0.471,0.686,1.457,0.839
608,Midwestern St.,D2,0.470,0.686,1.459,0.640
609,McDaniel,D3,0.469,0.685,1.461,0.348
610,Adams St.,D2,0.467,0.683,1.463,0.689
611,Minn.-Morris,D3,0.466,0.683,1.465,0.443
612,St. Scholastica,D3,0.466,0.682,1.465,0.382
613,Babson,D3,0.465,0.682,1.466,0.317
614,Ark.-Monticello,D2,0.465,0.682,1.467,0.520
615,John Carroll,D3,0.465,0.682,1.467,0.465
616,Pacific Lutheran,D3,0.465,0.682,1.467,0.431
617,N.M. Highlands,D2,0.464,0.681,1.468,0.601
618,St. Mary's (TX),D2,0.464,0.681,1.468,0.574
619,Otterbein,D3,0.464,0.681,1.468,0.375
620,Carleton,D3,0.463,0.680,1.470,0.366
621,Alderson Broaddus,D2,0.461,0.679,1.472,0.531
622,UMass Lowell,D1,0.461,0.679,1.472,0.669
623,Trinity (TX),D3,0.460,0.678,1.475,0.383
624,Norfolk St.,D1,0.459,0.677,1.476,0.713
625,Stonehill,D2,0.459,0.677,1.476,0.440
626,Mont. St. Billings,D2,0.459,0.677,1.477,0.626
627,Academy of Art,D2,0.458,0.677,1.478,0.567
628,Denison,D3,0.456,0.675,1.481,0.454
629,St. Edward's,D2,0.455,0.675,1.482,0.580
630,Ursuline,D2,0.454,0.673,1.485,0.492
631,Cabrini,D3,0.453,0.673,1.486,0.321
632,UNC Pembroke,D2,0.453,0.673,1.486,0.601
633,Saint Rose,D2,0.452,0.673,1.487,0.497
634,Cornell College,D3,0.452,0.672,1.487,0.479
635,Luther,D3,0.452,0.672,1.487,0.375
636,N.C. A&T,D1,0.449,0.670,1.493,0.519
637,Shepherd,D2,0.448,0.670,1.494,0.448
638,Jackson St.,D1,0.448,0.669,1.494,0.812
639,Saint Martin's,D2,0.445,0.667,1.499,0.722
640,Hanover,D3,0.445,0.667,1.499,0.390
641,Concordia Wisconsin,D3,0.444,0.667,1.500,0.392
642,St. Joseph's (IN),D2,0.444,0.666,1.501,0.554
643,Urbana,D2,0.443,0.665,1.503,0.518
644,Fredonia,D3,0.442,0.665,1.504,0.335
645,St. Catherine,D3,0.442,0.665,1.505,0.390
646,Alas. Fairbanks,D2,0.440,0.663,1.507,0.597
647,Pace,D2,0.440,0.663,1.508,0.490
648,Rochester (NY),D3,0.439,0.663,1.509,0.390
649,Lebanon Valley,D3,0.439,0.662,1.510,0.396
650,Kentucky St.,D2,0.437,0.661,1.512,0.327
651,Alabama A&M,D1,0.437,0.661,1.513,0.710
652,West Liberty,D2,0.437,0.661,1.513,0.541
653,Washington Col.,D3,0.433,0.658,1.519,0.340
654,Willamette,D3,0.433,0.658,1.520,0.423
655,Wash. & Lee,D3,0.432,0.657,1.522,0.386
656,Union (TN),D2,0.430,0.656,1.525,0.485
657,Alma,D3,0.429,0.655,1.527,0.466
658,Ithaca,D3,0.428,0.654,1.529,0.274
659,Texas Lutheran,D3,0.426,0.653,1.531,0.294
660,Winston-Salem,D2,0.425,0.652,1.533,0.314
661,Ramapo,D3,0.424,0.651,1.535,0.247
662,Roger Williams,D3,0.423,0.650,1.538,0.339
663,Mo. Southern St.,D2,0.422,0.650,1.539,0.719
664,Emmanuel (GA),D2,0.422,0.650,1.539,0.376
665,Clark (MA),D3,0.421,0.649,1.541,0.280
666,SUNY New Paltz,D3,0.421,0.649,1.542,0.338
667,N.C. Central,D1,0.419,0.647,1.545,0.701
668,Adrian,D3,0.419,0.647,1.545,0.379
669,UMass Boston,D3,0.419,0.647,1.546,0.469
670,Quinnipiac,D1,0.418,0.646,1.547,0.561
671,Texas-Tyler,D3,0.417,0.646,1.548,0.396
672,SUNY Canton,D3,0.417,0.646,1.549,0.264
673,UVa-Wise,D2,0.416,0.645,1.550,0.372
674,North Central (IL),D3,0.416,0.645,1.550,0.333
675,Muskingum,D3,0.415,0.644,1.552,0.362
676,Tex. Permian Basin,D2,0.414,0.643,1.554,0.611
677,Covenant,D3,0.413,0.642,1.557,0.343
678,Va. Wesleyan,D3,0.411,0.641,1.559,0.301
679,Catholic,D3,0.410,0.640,1.563,0.315
680,Chapman,D3,0.409,0.640,1.563,0.459
681,Albion,D3,0.409,0.639,1.565,0.348
682,Lees-McRae,D2,0.405,0.637,1.570,0.518
683,Lakeland,D3,0.405,0.636,1.572,0.397
684,St. Anselm,D2,0.403,0.635,1.575,0.363
685,East Central,D2,0.401,0.634,1.578,0.595
686,Dubuque,D3,0.401,0.633,1.579,0.422
687,Saint Peter's,D1,0.401,0.633,1.580,0.613
688,Chestnut Hill,D2,0.400,0.633,1.581,0.472
689,American Int'l,D2,0.399,0.632,1.583,0.422
690,Saint Michael's,D2,0.397,0.630,1.587,0.338
691,Hampton,D1,0.397,0.630,1.587,0.767
692,Whittier,D3,0.396,0.630,1.588,0.402
693,Queens (NY),D2,0.395,0.628,1.591,0.431
694,Union (NY),D3,0.395,0.628,1.592,0.309
695,Centre,D3,0.394,0.628,1.593,0.361
696,Olivet,D3,0.394,0.628,1.593,0.331
697,Franklin,D3,0.393,0.627,1.594,0.382
698,Hartford,D1,0.393,0.627,1.594,0.895
699,Trine,D3,0.393,0.627,1.596,0.430
700,Coker,D2,0.391,0.626,1.598,0.517
701,Stevens,D3,0.390,0.624,1.601,0.367
702,Georgian Court,D2,0.389,0.624,1.603,0.384
703,East Stroudsburg,D2,0.388,0.623,1.604,0.396
704,Delaware St.,D1,0.388,0.623,1.605,0.687
705,Columbus St.,D2,0.388,0.623,1.605,0.606
706,West Virginia St.,D2,0.387,0.622,1.608,0.373
707,Pomona-Pitzer,D3,0.387,0.622,1.608,0.383
708,Lewis & Clark,D3,0.386,0.622,1.609,0.341
709,Endicott,D3,0.386,0.621,1.609,0.309
710,Neb. Wesleyan,D3,0.385,0.621,1.611,0.348
711,Hamline,D3,0.385,0.620,1.612,0.436
712,Chowan,D2,0.384,0.620,1.613,0.275
713,Notre Dame (OH),D2,0.384,0.619,1.615,0.586
714,Kutztown,D2,0.379,0.615,1.625,0.517
715,Elizabethtown,D3,0.378,0.615,1.627,0.374
716,Greenville,D3,0.377,0.614,1.629,0.290
717,Carroll (WI),D3,0.377,0.614,1.629,0.418
718,Marymount (VA),D3,0.377,0.614,1.629,0.297
719,Defiance,D3,0.377,0.614,1.629,0.467
720,Transylvania,D3,0.375,0.612,1.633,0.307
721,Merrimack,D2,0.372,0.610,1.639,0.533
722,Occidental,D3,0.372,0.610,1.639,0.420
723,Southern U.,D1,0.372,0.610,1.639,0.639
724,Connecticut Col.,D3,0.371,0.609,1.642,0.334
725,Westminster (MO),D3,0.368,0.607,1.648,0.279
726,Rose-Hulman,D3,0.368,0.606,1.649,0.374
727,Keene St.,D3,0.366,0.605,1.652,0.309
728,Millsaps,D3,0.365,0.604,1.656,0.400
729,NYU,D3,0.364,0.603,1.658,0.385
730,St. Mary's (MD),D3,0.363,0.603,1.659,0.333
731,Rivier,D3,0.363,0.603,1.659,0.302
732,McMurry,D3,0.363,0.602,1.660,0.283
733,Central (IA),D3,0.362,0.601,1.663,0.316
734,Bluefield St.,D2,0.362,0.601,1.663,0.306
735,Wis.-River Falls,D3,0.361,0.601,1.664,0.403
736,Gettysburg,D3,0.358,0.599,1.670,0.311
737,Austin,D3,0.357,0.597,1.674,0.316
738,FDU-Florham,D3,0.355,0.596,1.678,0.256
739,Plymouth St.,D3,0.355,0.596,1.678,0.249
740,Ripon,D3,0.354,0.595,1.680,0.414
741,Molloy,D2,0.354,0.595,1.681,0.468
742,Hardin-Simmons,D3,0.353,0.594,1.683,0.354
743,Puget Sound,D3,0.353,0.594,1.683,0.441
744,SUNY Oneonta,D3,0.353,0.594,1.683,0.330
745,Scranton,D3,0.353,0.594,1.684,0.273
746,St. Lawrence,D3,0.350,0.592,1.690,0.319
747,Wis.-Superior,D3,0.350,0.592,1.691,0.279
748,St. Joseph's (ME),D3,0.350,0.591,1.691,0.150
749,Gallaudet,D3,0.348,0.590,1.694,0.246
750,DeSales,D3,0.348,0.590,1.694,0.329
751,St. Olaf,D3,0.347,0.589,1.697,0.365
752,Houghton,D3,0.347,0.589,1.697,0.321
753,Roanoke,D3,0.347,0.589,1.698,0.236
754,Averett,D3,0.346,0.588,1.700,0.321
755,Aurora,D3,0.345,0.587,1.703,0.384
756,Ohio Valley,D2,0.344,0.587,1.705,0.392
757,RIT,D3,0.344,0.586,1.705,0.291
758,Medaille,D3,0.344,0.586,1.706,0.286
759,Simpson,D3,0.343,0.586,1.707,0.365
760,Allegheny,D3,0.343,0.586,1.707,0.347
761,Linfield,D3,0.343,0.586,1.708,0.385
762,Ky. Wesleyan,D2,0.343,0.585,1.708,0.663
763,SUNY Cortland,D3,0.342,0.585,1.709,0.343
764,Oswego St.,D3,0.341,0.584,1.713,0.284
765,Henderson St.,D2,0.341,0.584,1.713,0.806
766,Meredith,D3,0.340,0.583,1.715,0.262
767,St. Norbert,D3,0.340,0.583,1.715,0.382
768,Holy Names,D2,0.340,0.583,1.716,0.529
769,Dallas,D3,0.338,0.581,1.721,0.379
770,Southern Conn. St.,D2,0.337,0.580,1.723,0.464
771,Maranatha Baptist,D3,0.336,0.580,1.725,0.228
772,Johnson & Wales (RI),D3,0.332,0.577,1.735,0.258
773,Concordia (TX),D3,0.332,0.576,1.735,0.409
774,Western Conn. St.,D3,0.332,0.576,1.736,0.276
775,Webster,D3,0.331,0.576,1.737,0.294
776,Buffalo St.,D3,0.331,0.575,1.739,0.351
777,SUNY Geneseo,D3,0.331,0.575,1.739,0.294
778,Virginia St.,D2,0.330,0.574,1.741,0.357
779,Framingham St.,D3,0.330,0.574,1.741,0.200
780,Nazareth,D3,0.328,0.573,1.746,0.302
781,West Ga.,D2,0.327,0.572,1.749,0.471
782,Wellesley,D3,0.326,0.571,1.751,0.328
783,Montclair St.,D3,0.326,0.571,1.751,0.260
784,Prairie View,D1,0.326,0.571,1.751,0.920
785,Shenandoah,D3,0.325,0.570,1.754,0.298
786,Penn St.-Behrend,D3,0.325,0.570,1.754,0.324
787,West Va. Wesleyan,D2,0.323,0.569,1.758,0.336
788,Kenyon,D3,0.320,0.566,1.768,0.356
789,Wooster,D3,0.319,0.565,1.770,0.313
790,MSOE,D3,0.319,0.565,1.771,0.287
791,Claflin,D2,0.319,0.564,1.772,0.274
792,Concord,D2,0.318,0.564,1.773,0.578
793,Frostburg St.,D3,0.316,0.562,1.778,0.316
794,Lake Superior St.,D2,0.316,0.562,1.779,0.763
795,Clark Atlanta,D2,0.315,0.561,1.781,0.218
796,Davis & Elkins,D2,0.315,0.561,1.782,0.459
797,Kean,D3,0.314,0.561,1.784,0.302
798,Franciscan,D3,0.314,0.560,1.785,0.332
799,Widener,D3,0.312,0.559,1.789,0.303
800,Macalester,D3,0.311,0.558,1.792,0.257
801,Vassar,D3,0.311,0.558,1.794,0.313
802,Grove City,D3,0.311,0.557,1.795,0.348
803,Lynchburg,D3,0.309,0.556,1.798,0.343
804,WPI,D3,0.309,0.556,1.799,0.248
805,Colby,D3,0.309,0.556,1.799,0.349
806,Whitman,D3,0.306,0.553,1.809,0.407
807,Coast Guard,D3,0.305,0.552,1.811,0.250
808,Holy Family,D2,0.303,0.551,1.815,0.390
809,Rhodes,D3,0.303,0.551,1.816,0.324
810,Anderson (IN),D3,0.303,0.550,1.817,0.361
811,Emerson,D3,0.303,0.550,1.818,0.274
812,Ark.-Pine Bluff,D1,0.302,0.550,1.819,0.882
813,George Fox,D3,0.302,0.550,1.820,0.374
814,Lycoming,D3,0.302,0.550,1.820,0.242
815,SUNY Poly,D3,0.302,0.549,1.820,0.204
816,Pacific (OR),D3,0.301,0.549,1.822,0.408
817,UC Santa Cruz,D3,0.301,0.548,1.823,0.374
818,Wheaton (MA),D3,0.299,0.547,1.828,0.327
819,Okla. Panhandle,D2,0.299,0.547,1.829,0.519
820,Wis. Lutheran,D3,0.298,0.546,1.833,0.374
821,Mississippi Col.,D2,0.297,0.545,1.835,0.515
822,Assumption,D2,0.297,0.545,1.835,0.412
823,Sewanee,D3,0.296,0.544,1.837,0.254
824,William Peace,D3,0.295,0.543,1.841,0.235
825,Benedictine (IL),D3,0.294,0.542,1.844,0.272
826,Bates,D3,0.293,0.541,1.847,0.358
827,York (PA),D3,0.290,0.539,1.857,0.320
828,Manchester,D3,0.290,0.538,1.858,0.347
829,Redlands,D3,0.290,0.538,1.858,0.327
830,Methodist,D3,0.289,0.538,1.860,0.242
831,Mercy,D2,0.287,0.536,1.866,0.337
832,Shaw,D2,0.287,0.536,1.866,0.219
833,Oberlin,D3,0.287,0.536,1.866,0.334
834,Sage Colleges,D3,0.287,0.535,1.868,0.219
835,Neumann,D3,0.285,0.534,1.873,0.315
836,LeTourneau,D3,0.283,0.532,1.880,0.418
837,Penn St.-Altoona,D3,0.283,0.532,1.881,0.230
838,St. John Fisher,D3,0.282,0.531,1.882,0.269
839,Wells,D3,0.280,0.530,1.888,0.247
840,Alcorn,D1,0.276,0.526,1.902,0.531
841,Mount Olive,D2,0.275,0.525,1.906,0.456
842,Maryville (TN),D3,0.275,0.524,1.907,0.305
843,USciences,D2,0.274,0.524,1.910,0.384
844,Fayetteville St.,D2,0.274,0.523,1.911,0.337
845,Rhode Island Col.,D3,0.273,0.523,1.912,0.236
846,Virginia Union,D2,0.273,0.523,1.913,0.261
847,Tuskegee,D2,0.272,0.522,1.916,0.225
848,Savannah St.,D1,0.271,0.521,1.920,0.850
849,Concordia (NY),D2,0.271,0.520,1.922,0.320
850,Southern Va.,D3,0.270,0.520,1.923,0.341
851,Moravian,D3,0.270,0.520,1.923,0.317
852,North Park,D3,0.268,0.518,1.931,0.310
853,Mt. St. Joseph,D3,0.268,0.517,1.933,0.342
854,Emory & Henry,D3,0.266,0.515,1.940,0.241
855,Manhattanville,D3,0.266,0.515,1.940,0.198
856,Roberts Wesleyan,D2,0.265,0.515,1.941,0.441
857,Trinity (CT),D3,0.265,0.515,1.943,0.267
858,Wash. & Jeff.,D3,0.265,0.514,1.944,0.252
859,Capital,D3,0.264,0.514,1.947,0.398
860,Pitt.-Bradford,D3,0.262,0.512,1.953,0.278
861,Gordon,D3,0.261,0.511,1.956,0.263
862,Elmira,D3,0.261,0.510,1.959,0.238
863,Lake Forest,D3,0.259,0.509,1.965,0.324
864,Hunter,D3,0.259,0.509,1.965,0.223
865,Wesleyan (CT),D3,0.258,0.508,1.968,0.267
866,Spalding,D3,0.258,0.508,1.969,0.275
867,Saint Vincent,D3,0.258,0.507,1.970,0.293
868,Ferrum,D3,0.257,0.507,1.973,0.235
869,Bridgewater (VA),D3,0.256,0.506,1.977,0.349
870,Western New Eng.,D3,0.254,0.504,1.984,0.254
871,Westminster (PA),D3,0.253,0.503,1.986,0.354
872,Felician,D2,0.253,0.503,1.989,0.402
873,Hood,D3,0.253,0.503,1.989,0.209
874,Converse,D2,0.251,0.501,1.995,0.446
875,Alvernia,D3,0.251,0.501,1.996,0.259
876,Piedmont,D3,0.250,0.500,2.001,0.239
877,Merchant Marine,D3,0.249,0.499,2.005,0.198
878,Marietta,D3,0.248,0.498,2.008,0.308
879,Kalamazoo,D3,0.248,0.498,2.009,0.408
880,Penn St.-Berks,D3,0.247,0.497,2.010,0.193
881,Immaculata,D3,0.247,0.497,2.011,0.196
882,Rowan,D3,0.246,0.496,2.016,0.316
883,Salem Int'l,D2,0.244,0.494,2.025,0.354
884,Marian (WI),D3,0.243,0.493,2.028,0.342
885,Salve Regina,D3,0.242,0.492,2.032,0.273
886,Dickinson,D3,0.241,0.491,2.038,0.317
887,Wm. Paterson,D3,0.241,0.491,2.039,0.145
888,Grambling,D1,0.240,0.490,2.041,0.605
889,King's (PA),D3,0.237,0.486,2.056,0.186
890,Berea,D3,0.236,0.486,2.057,0.316
891,Martin Luther,D3,0.236,0.485,2.060,0.360
892,Skidmore,D3,0.235,0.485,2.063,0.319
893,Maine Maritime,D3,0.234,0.483,2.069,0.145
894,Mississippi Val.,D1,0.233,0.483,2.070,0.556
895,Hamilton,D3,0.233,0.483,2.070,0.297
896,East. Mennonite,D3,0.233,0.483,2.072,0.260
897,Concordia Chicago,D3,0.233,0.482,2.074,0.268
898,Albany St. (GA),D2,0.230,0.480,2.083,0.236
899,Eastern Conn. St.,D3,0.230,0.480,2.084,0.220
900,LaGrange,D3,0.230,0.480,2.085,0.171
901,Brandeis,D3,0.230,0.480,2.085,0.375
902,Fontbonne,D3,0.228,0.477,2.096,0.302
903,St. Joseph's (L.I.),D3,0.227,0.476,2.100,0.228
904,Misericordia,D3,0.226,0.475,2.104,0.269
905,Hartwick,D3,0.225,0.474,2.108,0.279
906,N.C. Wesleyan,D3,0.223,0.472,2.118,0.293
907,Benedict,D2,0.223,0.472,2.119,0.194
908,Illinois Col.,D3,0.221,0.470,2.126,0.277
909,Keystone,D3,0.221,0.470,2.127,0.139
910,Plattsburgh St.,D3,0.221,0.470,2.127,0.236
911,Emmanuel (MA),D3,0.218,0.467,2.140,0.233
912,Principia,D3,0.218,0.467,2.141,0.233
913,Rutgers-Camden,D3,0.218,0.467,2.143,0.269
914,Colby-Sawyer,D3,0.218,0.466,2.144,0.277
915,Mount Aloysius,D3,0.215,0.463,2.159,0.183
916,Southern Me.,D3,0.214,0.463,2.159,0.206
917,Rutgers-Newark,D3,0.214,0.463,2.161,0.181
918,Baruch,D3,0.214,0.462,2.163,0.235
919,MCLA,D3,0.213,0.461,2.168,0.143
920,Saint Augustine's,D2,0.212,0.461,2.170,0.262
921,Knox,D3,0.212,0.460,2.172,0.272
922,Bryn Mawr,D3,0.212,0.460,2.174,0.220
923,Lawrence,D3,0.210,0.459,2.180,0.353
924,New Rochelle,D3,0.209,0.457,2.187,0.160
925,Bridgewater St.,D3,0.207,0.455,2.197,0.239
926,Arcadia,D3,0.207,0.455,2.198,0.218
927,Goucher,D3,0.207,0.454,2.200,0.245
928,Wesley,D3,0.206,0.454,2.202,0.214
929,Dominican (NY),D2,0.206,0.454,2.203,0.384
930,Simmons,D3,0.206,0.453,2.206,0.231
931,Wilkes,D3,0.205,0.452,2.211,0.160
932,Worcester St.,D3,0.205,0.452,2.211,0.203
933,Guilford,D3,0.204,0.452,2.212,0.246
934,Greensboro,D3,0.204,0.452,2.212,0.256
935,Lesley,D3,0.204,0.452,2.213,0.188
936,Mt. St. Vincent,D3,0.204,0.452,2.214,0.212
937,SUNY Potsdam,D3,0.204,0.452,2.214,0.290
938,Schreiner,D3,0.204,0.452,2.214,0.336
939,Oglethorpe,D3,0.203,0.450,2.220,0.229
940,U New England,D3,0.203,0.450,2.222,0.234
941,Sul Ross St.,D3,0.200,0.447,2.235,0.285
942,La Roche,D3,0.199,0.446,2.241,0.214
943,Goldey-Beacom,D2,0.199,0.446,2.242,0.281
944,Westfield St.,D3,0.199,0.446,2.242,0.178
945,Lancaster Bible,D3,0.198,0.445,2.249,0.177
946,Regis (MA),D3,0.194,0.441,2.270,0.198
947,Lasell,D3,0.191,0.437,2.290,0.241
948,MacMurray,D3,0.188,0.433,2.307,0.212
949,Anna Maria,D3,0.188,0.433,2.308,0.179
950,Huntingdon,D3,0.186,0.432,2.316,0.170
951,Stillman,D2,0.186,0.431,2.319,0.257
952,Thiel,D3,0.184,0.429,2.333,0.319
953,Monmouth (IL),D3,0.184,0.428,2.334,0.211
954,Paine,D2,0.183,0.428,2.338,0.161
955,Mt. St. Mary (NY),D3,0.182,0.427,2.344,0.243
956,Penn St. Harrisburg,D3,0.181,0.425,2.353,0.209
957,Waynesburg,D3,0.181,0.425,2.354,0.276
958,Grinnell,D3,0.180,0.425,2.356,0.353
959,Howard Payne,D3,0.176,0.420,2.382,0.425
960,Ursinus,D3,0.176,0.419,2.384,0.252
961,Notre Dame (MD),D3,0.175,0.418,2.392,0.115
962,Pfeiffer,D2,0.175,0.418,2.392,0.374
963,UMass Dartmouth,D3,0.173,0.416,2.404,0.171
964,Bryn Athyn,D3,0.172,0.415,2.411,0.130
965,Utica,D3,0.170,0.413,2.423,0.266
966,Newbury,D3,0.170,0.412,2.428,0.157
967,Lincoln (PA),D2,0.169,0.412,2.429,0.176
968,Earlham,D3,0.169,0.411,2.431,0.284
969,Centenary (LA),D3,0.169,0.411,2.433,0.320
970,Keuka,D3,0.168,0.410,2.440,0.248
971,Bethany Lutheran,D3,0.165,0.406,2.462,0.274
972,Nyack,D2,0.165,0.406,2.463,0.335
973,Randolph,D3,0.163,0.404,2.477,0.279
974,Glenville St.,D2,0.160,0.400,2.497,0.348
975,Albright,D3,0.158,0.398,2.512,0.262
976,D'Youville,D3,0.158,0.398,2.513,0.280
977,Alfred,D3,0.157,0.396,2.525,0.290
978,Mount Holyoke,D3,0.157,0.396,2.525,0.197
979,Wentworth,D3,0.157,0.396,2.526,0.197
980,Morrisville St.,D3,0.156,0.395,2.532,0.192
981,Farmingdale St.,D3,0.156,0.395,2.533,0.114
982,Smith,D3,0.156,0.395,2.533,0.233
983,Hollins,D3,0.155,0.393,2.543,0.269
984,Cazenovia,D3,0.151,0.388,2.577,0.243
985,Curry,D3,0.149,0.386,2.589,0.160
986,Agnes Scott,D3,0.149,0.386,2.593,0.191
987,Miles,D2,0.145,0.381,2.623,0.227
988,Johnson C. Smith,D2,0.145,0.381,2.626,0.226
989,St. Elizabeth,D3,0.140,0.375,2.669,0.146
990,Daniel Webster,D3,0.140,0.374,2.676,0.190
991,Wilmington (OH),D3,0.138,0.372,2.689,0.283
992,St. Joseph (CT),D3,0.137,0.371,2.697,0.118
993,Marywood,D3,0.136,0.369,2.709,0.237
994,Bard,D3,0.136,0.369,2.711,0.170
995,North Central (MN),D3,0.136,0.369,2.712,0.200
996,Livingstone,D2,0.134,0.367,2.727,0.209
997,Northland,D3,0.134,0.366,2.731,0.188
998,Salem St.,D3,0.132,0.364,2.748,0.174
999,Mount Ida,D3,0.131,0.362,2.759,0.139
1000,Pitt.-Greensburg,D3,0.130,0.361,2.770,0.252
1001,Caltech,D3,0.130,0.360,2.777,0.464
1002,Mary Baldwin,D3,0.127,0.357,2.802,0.251
1003,Beloit,D3,0.126,0.356,2.812,0.186
1004,Crown (MN),D3,0.125,0.354,2.825,0.184
1005,Rockford,D3,0.123,0.351,2.849,0.163
1006,Alverno,D3,0.122,0.349,2.863,0.206
1007,Bowie St.,D2,0.121,0.348,2.870,0.248
1008,Suffolk,D3,0.120,0.347,2.884,0.168
1009,Salem,D3,0.120,0.346,2.889,0.188
1010,Finlandia,D3,0.118,0.343,2.912,0.218
1011,Blackburn,D3,0.117,0.341,2.929,0.269
1012,Hilbert,D3,0.117,0.341,2.929,0.299
1013,Castleton,D3,0.116,0.341,2.937,0.109
1014,Eureka,D3,0.115,0.339,2.947,0.241
1015,SUNY Maritime,D3,0.115,0.339,2.954,0.096
1016,New Jersey City,D3,0.113,0.336,2.977,0.101
1017,Gwynedd Mercy,D3,0.112,0.335,2.984,0.138
1018,Cheyney,D2,0.109,0.330,3.034,0.329
1019,Lehman,D3,0.108,0.328,3.048,0.124
1020,Penn St.-Abington,D3,0.107,0.328,3.050,0.150
1021,John Jay,D3,0.106,0.326,3.068,0.147
1022,LeMoyne-Owen,D2,0.106,0.325,3.078,0.160
1023,Cobleskill St.,D3,0.105,0.325,3.081,0.142
1024,Brooklyn,D3,0.104,0.322,3.107,0.169
1025,Mitchell,D3,0.098,0.313,3.200,0.161
1026,Elizabeth City St.,D2,0.094,0.307,3.262,0.241
1027,Staten Island,D3,0.093,0.304,3.285,0.098
1028,Eastern Nazarene,D3,0.090,0.301,3.324,0.161
1029,Becker,D3,0.090,0.300,3.331,0.096
1030,Elms,D3,0.087,0.296,3.382,0.153
1031,Bay Path,D3,0.087,0.295,3.392,0.087
1032,Norwich,D3,0.086,0.294,3.404,0.138
1033,Husson,D3,0.086,0.293,3.414,0.157
1034,Fort Valley St.,D2,0.083,0.288,3.469,0.163
1035,St. Joseph's (Brkln),D3,0.082,0.287,3.487,0.101
1036,Chatham,D3,0.081,0.284,3.525,0.279
1037,Central St. (OH),D2,0.068,0.261,3.831,0.237
1038,Mount Mary,D3,0.068,0.260,3.844,0.124
1039,Albertus Magnus,D3,0.067,0.258,3.874,0.101
1040,Mills,D3,0.066,0.256,3.899,0.327
1041,Cedar Crest,D3,0.065,0.255,3.925,0.139
1042,Rosemont,D3,0.065,0.254,3.932,0.136
1043,Valley Forge,D3,0.063,0.250,3.993,0.126
1044,Centenary (NJ),D3,0.060,0.244,4.098,0.160
1045,Lyndon St.,D3,0.059,0.244,4.103,0.072
1046,CCNY,D3,0.057,0.240,4.175,0.138
1047,Southern Vt.,D3,0.057,0.238,4.204,0.103
1048,Summit,D3,0.056,0.237,4.224,0.128
1049,Lane,D2,0.054,0.231,4.322,0.198
1050,Delaware Valley,D3,0.053,0.229,4.357,0.156
1051,York (NY),D3,0.052,0.228,4.382,0.114
1052,Johnson St.,D3,0.052,0.228,4.388,0.099
1053,Yeshiva,D3,0.051,0.226,4.417,0.108
1054,Mass. Maritime,D3,0.046,0.215,4.660,0.087
1055,Green Mountain,D3,0.046,0.214,4.683,0.110
1056,Old Westbury,D3,0.046,0.213,4.687,0.070
1057,Me.-Presque Isle,D3,0.042,0.204,4.908,0.088
1058,Purchase,D3,0.041,0.203,4.915,0.112
1059,Rust,D3,0.040,0.199,5.018,0.256
1060,Trinity Washington,D3,0.039,0.198,5.047,0.162
1061,Pine Manor,D3,0.037,0.193,5.193,0.065
1062,Cairn,D3,0.036,0.189,5.279,0.177
1063,Sarah Lawrence,D3,0.033,0.182,5.503,0.131
1064,Wesleyan (GA),D3,0.023,0.151,6.617,0.197
1065,Medgar Evers,D3,0.022,0.148,6.736,0.090
