year	year_id	team_id	team_name	jersey_number	summary_type	class_year	position	height	games_played	games_started	minutes_played	field_goals_made	field_goals_attempted	field_goal_percentage	three_point_field_goals	three_point_field_goals_attempted	three_point_field_goal_percentage	free_throws	free_throws_attempted	free_throw_percentage	points	point_per_game	offensive_rebounds	defensive_rebounds	total_rebounds	rebounds_per_game	assists	turnovers	steals	blocks	fouls	double_doubles	triple_doubles	dq
2015	11760	26172	A&M-Corpus Chris	-	Totals	-	-	-	-	-	129	 	 	1,654	658	4,932	0.202	1,534	173	218	2,293	130	37	371	41	2,049.5	32	 
2015	11760	26172	A&M-Corpus Chris	-	Opponent Totals	-	-	-	-	-	129	 	 	1,636	700	4,932	0.190	1,529	130	243	2,283	173	51	440	76	2,037.0	47	 
2015	11760	2	Abilene Christian	-	Totals	-	-	-	-	-	114	 	 	1,263	658	3,976	0.152	1,181	98	158	1,647	173	36	391	35	1,592.5	68	 
2015	11760	2	Abilene Christian	-	Opponent Totals	-	-	-	-	-	114	 	 	1,536	645	4,163	0.214	1,442	174	237	1,779	98	43	332	31	1,919.0	40	 
2015	11760	721	Air Force	-	Totals	-	-	-	-	-	121	 	 	1,590	625	4,234	0.228	1,507	106	190	1,664	154	56	350	74	1,927.0	33	 
2015	11760	721	Air Force	-	Opponent Totals	-	-	-	-	-	121	 	 	1,649	703	4,283	0.221	1,558	154	211	1,692	106	41	472	80	2,080.0	33	 
2015	11760	5	Akron	-	Totals	-	-	-	-	-	107	 	 	1,166	646	3,614	0.144	1,065	155	233	1,456	175	78	251	48	1,524.5	54	 
2015	11760	5	Akron	-	Opponent Totals	-	-	-	-	-	107	 	 	1,380	542	3,624	0.231	1,276	175	215	1,540	155	89	260	50	1,774.0	40	 
2015	11760	8	Alabama	-	Totals	-	-	-	-	-	133	 	 	1,824	671	4,369	0.264	1,663	203	301	1,674	170	82	386	67	2,302.0	38	 
2015	11760	8	Alabama	-	Opponent Totals	-	-	-	-	-	133	 	 	1,499	671	4,092	0.202	1,380	170	286	1,580	203	48	440	46	1,937.0	49	 
2015	11760	6	Alabama A&M	-	Totals	-	-	-	-	-	110	 	 	1,207	666	3,485	0.155	1,079	161	230	1,340	175	66	253	52	1,560.5	59	 
2015	11760	6	Alabama A&M	-	Opponent Totals	-	-	-	-	-	110	 	 	1,290	534	3,399	0.222	1,141	175	215	1,359	159	43	326	64	1,671.0	59	 
2015	11760	7	Alabama St.	-	Totals	-	-	-	-	-	135	 	 	1,514	724	4,030	0.196	1,384	191	234	1,561	183	63	365	74	1,950.5	59	 
2015	11760	7	Alabama St.	-	Opponent Totals	-	-	-	-	-	135	 	 	1,527	712	4,093	0.199	1,363	183	256	1,561	192	60	293	59	1,916.5	50	 
2015	11760	14	Albany (NY)	-	Totals	-	-	-	-	-	106	 	 	1,267	624	4,207	0.153	1,181	116	153	1,910	124	94	282	52	1,618.0	20	 
2015	11760	14	Albany (NY)	-	Opponent Totals	-	-	-	-	-	106	 	 	1,404	649	4,246	0.178	1,342	124	175	1,990	116	41	368	60	1,753.0	32	 
2015	11760	17	Alcorn	-	Totals	-	-	-	-	-	95	 	 	810	575	3,002	0.078	683	131	169	1,203	190	58	116	91	1,057.0	30	 
2015	11760	17	Alcorn	-	Opponent Totals	-	-	-	-	-	95	 	 	1,013	520	2,900	0.170	892	192	207	1,367	131	74	172	97	1,365.0	14	 
2015	11760	23	American	-	Totals	-	-	-	-	-	116	 	 	1,540	468	4,029	0.266	1,372	192	250	1,876	103	78	366	50	1,993.0	35	 
2015	11760	23	American	-	Opponent Totals	-	-	-	-	-	116	 	 	1,237	642	4,061	0.147	1,162	103	209	1,780	192	45	290	51	1,530.0	54	 
2015	11760	27	Appalachian St.	-	Totals	-	-	-	-	-	113	 	 	1,550	624	4,258	0.217	1,489	89	158	1,859	87	36	323	9	1,836.5	21	 
2015	11760	27	Appalachian St.	-	Opponent Totals	-	-	-	-	-	113	 	 	1,425	642	4,174	0.188	1,358	86	194	1,833	89	43	356	32	1,732.0	19	 
2015	11760	29	Arizona	-	Totals	-	-	-	-	-	119	 	 	1,659	606	4,604	0.229	1,558	114	214	2,127	81	92	390	47	2,060.0	17	 
2015	11760	29	Arizona	-	Opponent Totals	-	-	-	-	-	119	 	 	1,529	691	4,617	0.182	1,452	81	224	2,057	114	34	369	55	1,828.5	32	 
2015	11760	28	Arizona St.	-	Totals	-	-	-	-	-	137	 	 	1,742	692	4,878	0.215	1,626	141	298	2,028	159	127	390	48	2,205.0	24	 
2015	11760	28	Arizona St.	-	Opponent Totals	-	-	-	-	-	137	 	 	1,722	777	4,833	0.196	1,636	159	267	2,082	141	110	476	60	2,229.0	33	 
2015	11760	2678	Ark.-Pine Bluff	-	Totals	-	-	-	-	-	110	 	 	1,104	623	3,612	0.133	981	108	157	1,475	182	57	258	58	1,398.0	62	 
2015	11760	2678	Ark.-Pine Bluff	-	Opponent Totals	-	-	-	-	-	110	 	 	1,364	603	3,679	0.207	1,258	182	195	1,666	107	50	252	30	1,722.0	54	 
2015	11760	31	Arkansas	-	Totals	-	-	-	-	-	120	 	 	1,481	668	4,006	0.203	1,373	108	233	1,614	130	44	458	81	1,862.0	56	 
2015	11760	31	Arkansas	-	Opponent Totals	-	-	-	-	-	120	 	 	1,507	659	4,084	0.208	1,395	130	263	1,648	108	38	402	59	1,876.0	47	 
2015	11760	30	Arkansas St.	-	Totals	-	-	-	-	-	114	 	 	1,516	541	4,428	0.220	1,397	140	195	2,085	94	91	273	40	1,883.5	32	 
2015	11760	30	Arkansas St.	-	Opponent Totals	-	-	-	-	-	114	 	 	1,502	666	4,492	0.186	1,421	94	208	2,115	140	48	217	36	1,752.5	48	 
2015	11760	725	Army West Point	-	Totals	-	-	-	-	-	110	 	 	1,379	582	3,842	0.207	1,275	148	219	1,594	153	53	270	25	1,715.0	48	 
2015	11760	725	Army West Point	-	Opponent Totals	-	-	-	-	-	110	 	 	1,352	537	3,803	0.214	1,233	153	210	1,554	146	81	247	26	1,709.5	34	 
2015	11760	37	Auburn	-	Totals	-	-	-	-	-	115	 	 	1,484	688	4,076	0.195	1,400	113	256	1,693	118	69	324	88	1,828.0	21	 
2015	11760	37	Auburn	-	Opponent Totals	-	-	-	-	-	115	 	 	1,425	582	3,908	0.216	1,307	118	199	1,651	112	53	416	60	1,804.0	32	 
2015	11760	43	Austin Peay	-	Totals	-	-	-	-	-	122	 	 	1,611	708	4,531	0.199	1,505	156	198	1,984	146	61	270	51	1,963.0	54	 
2015	11760	43	Austin Peay	-	Opponent Totals	-	-	-	-	-	122	 	 	1,585	560	4,398	0.233	1,464	146	234	1,909	155	82	307	74	1,966.5	38	 
2015	11760	77	BYU	-	Totals	-	-	-	-	-	121	 	 	1,623	491	4,171	0.271	1,504	150	161	1,701	104	60	811	55	2,238.5	24	 
2015	11760	77	BYU	-	Opponent Totals	-	-	-	-	-	121	 	 	1,536	868	4,480	0.149	1,481	105	185	1,812	149	42	364	49	1,865.0	25	 
2015	11760	47	Ball St.	-	Totals	-	-	-	-	-	119	 	 	1,523	693	4,021	0.206	1,438	141	205	1,668	154	75	318	59	1,898.0	39	 
2015	11760	47	Ball St.	-	Opponent Totals	-	-	-	-	-	119	 	 	1,445	621	3,967	0.208	1,346	154	218	1,577	141	72	358	39	1,850.0	41	 
2015	11760	51	Baylor	-	Totals	-	-	-	-	-	120	 	 	1,625	736	4,420	0.201	1,517	113	216	1,871	171	38	391	48	1,971.5	33	 
2015	11760	51	Baylor	-	Opponent Totals	-	-	-	-	-	120	 	 	1,527	607	4,312	0.213	1,407	171	195	1,836	113	50	497	45	1,996.5	51	 
2015	11760	14927	Belmont	-	Totals	-	-	-	-	-	118	 	 	1,485	645	4,333	0.194	1,407	175	322	1,741	115	58	337	36	1,886.5	40	 
2015	11760	14927	Belmont	-	Opponent Totals	-	-	-	-	-	118	 	 	1,410	672	4,098	0.180	1,327	115	191	1,923	174	54	366	51	1,762.0	34	 
2015	11760	61	Bethune-Cookman	-	Totals	-	-	-	-	-	112	 	 	1,184	656	3,522	0.150	1,074	133	231	1,440	170	43	291	59	1,505.5	32	 
2015	11760	61	Bethune-Cookman	-	Opponent Totals	-	-	-	-	-	112	 	 	1,328	599	3,596	0.203	1,248	170	245	1,486	132	34	277	46	1,670.5	33	 
2015	11760	62	Binghamton	-	Totals	-	-	-	-	-	109	 	 	1,295	599	3,895	0.179	1,211	155	193	1,752	155	35	322	51	1,646.0	46	 
2015	11760	62	Binghamton	-	Opponent Totals	-	-	-	-	-	109	 	 	1,436	571	4,068	0.213	1,303	155	189	1,694	155	44	322	46	1,796.0	34	 
2015	11760	66	Boise St.	-	Totals	-	-	-	-	-	107	 	 	1,521	561	3,649	0.263	1,418	138	181	1,434	118	34	406	69	1,896.0	9	 
2015	11760	66	Boise St.	-	Opponent Totals	-	-	-	-	-	107	 	 	1,332	532	3,580	0.223	1,269	118	182	1,326	138	51	359	45	1,680.5	14	 
2015	11760	67	Boston College	-	Totals	-	-	-	-	-	112	 	 	1,393	690	3,990	0.176	1,310	168	204	1,673	114	53	286	45	1,757.0	44	 
2015	11760	67	Boston College	-	Opponent Totals	-	-	-	-	-	112	 	 	1,357	528	3,821	0.217	1,253	114	218	1,622	167	58	476	52	1,767.0	43	 
2015	11760	71	Bowling Green	-	Totals	-	-	-	-	-	105	 	 	1,213	572	3,595	0.178	1,138	115	197	1,543	152	41	370	54	1,554.0	31	 
2015	11760	71	Bowling Green	-	Opponent Totals	-	-	-	-	-	105	 	 	1,435	586	3,803	0.223	1,340	152	197	1,571	115	47	364	47	1,816.0	42	 
2015	11760	72	Bradley	-	Totals	-	-	-	-	-	101	 	 	1,125	699	3,564	0.120	1,058	84	185	1,484	151	47	222	53	1,367.0	32	 
2015	11760	72	Bradley	-	Opponent Totals	-	-	-	-	-	101	 	 	1,317	484	3,435	0.243	1,239	151	212	1,486	83	53	423	59	1,732.5	14	 
2015	11760	80	Brown	-	Totals	-	-	-	-	-	99	 	 	1,243	550	3,839	0.181	1,177	153	172	1,707	142	38	215	24	1,541.5	37	 
2015	11760	80	Brown	-	Opponent Totals	-	-	-	-	-	99	 	 	1,262	474	3,666	0.215	1,177	142	177	1,763	153	40	367	36	1,627.5	33	 
2015	11760	81	Bryant	-	Totals	-	-	-	-	-	127	 	 	1,522	738	4,659	0.168	1,417	131	211	2,082	172	33	414	75	1,893.0	78	 
2015	11760	81	Bryant	-	Opponent Totals	-	-	-	-	-	127	 	 	1,525	703	4,665	0.176	1,400	172	208	2,022	131	58	310	53	1,910.0	46	 
2015	11760	83	Bucknell	-	Totals	-	-	-	-	-	93	 	 	987	465	3,551	0.147	895	103	132	1,572	130	51	304	46	1,293.0	36	 
2015	11760	83	Bucknell	-	Opponent Totals	-	-	-	-	-	93	 	 	1,346	584	3,778	0.202	1,243	130	219	1,817	103	37	298	51	1,662.0	36	 
2015	11760	86	Buffalo	-	Totals	-	-	-	-	-	113	 	 	1,483	651	4,017	0.207	1,377	126	171	1,658	136	60	402	70	1,870.0	57	 
2015	11760	86	Buffalo	-	Opponent Totals	-	-	-	-	-	113	 	 	1,394	645	3,972	0.189	1,280	136	179	1,644	126	53	376	49	1,771.0	34	 
2015	11760	87	Butler	-	Totals	-	-	-	-	-	112	 	 	1,502	470	4,238	0.244	1,377	115	173	1,945	115	56	548	68	1,947.0	29	 
2015	11760	87	Butler	-	Opponent Totals	-	-	-	-	-	112	 	 	1,540	715	4,571	0.180	1,459	115	161	2,000	114	36	308	44	1,845.0	29	 
2015	11760	94	CSU Bakersfield	-	Totals	-	-	-	-	-	114	 	 	1,555	677	4,133	0.212	1,475	147	144	1,775	145	24	325	37	1,888.5	19	 
2015	11760	94	CSU Bakersfield	-	Opponent Totals	-	-	-	-	-	114	 	 	1,403	572	3,965	0.210	1,324	145	207	1,577	147	58	464	83	1,838.0	27	 
2015	11760	101	CSUN	-	Totals	-	-	-	-	-	101	 	 	1,426	494	3,448	0.270	1,326	136	218	1,416	114	58	325	51	1,782.5	20	 
2015	11760	101	CSUN	-	Opponent Totals	-	-	-	-	-	101	 	 	1,201	526	3,348	0.202	1,117	114	183	1,278	136	40	291	49	1,500.5	31	 
2015	11760	90	Cal Poly	-	Totals	-	-	-	-	-	101	 	 	1,255	610	3,656	0.176	1,189	106	180	1,456	158	44	248	61	1,529.0	29	 
2015	11760	90	Cal Poly	-	Opponent Totals	-	-	-	-	-	101	 	 	1,309	497	3,473	0.234	1,219	158	233	1,519	106	57	410	49	1,729.0	28	 
2015	11760	97	Cal St. Fullerton	-	Totals	-	-	-	-	-	106	 	 	1,293	654	3,671	0.174	1,195	112	167	1,532	174	38	282	55	1,584.0	24	 
2015	11760	97	Cal St. Fullerton	-	Opponent Totals	-	-	-	-	-	106	 	 	1,392	482	3,646	0.250	1,291	174	237	1,448	112	54	422	55	1,831.0	15	 
2015	11760	107	California	-	Totals	-	-	-	-	-	114	 	 	1,477	633	4,023	0.210	1,416	83	127	1,609	115	90	285	53	1,792.5	15	 
2015	11760	107	California	-	Opponent Totals	-	-	-	-	-	114	 	 	1,649	598	4,138	0.254	1,558	115	210	1,657	83	81	338	57	2,014.0	25	 
2015	11760	115	Campbell	-	Totals	-	-	-	-	-	123	 	 	1,486	689	4,813	0.166	1,350	155	230	2,144	148	70	293	76	1,857.5	31	 
2015	11760	115	Campbell	-	Opponent Totals	-	-	-	-	-	123	 	 	1,567	641	4,603	0.201	1,454	148	219	2,253	155	46	392	71	1,957.0	46	 
2015	11760	116	Canisius	-	Totals	-	-	-	-	-	122	 	 	1,448	639	4,232	0.191	1,328	127	221	1,907	183	36	351	53	1,786.5	41	 
2015	11760	116	Canisius	-	Opponent Totals	-	-	-	-	-	122	 	 	1,601	647	4,452	0.214	1,476	183	240	1,856	127	38	402	66	2,023.0	71	 
2015	11760	1004	Central Ark.	-	Totals	-	-	-	-	-	116	 	 	1,550	666	3,920	0.226	1,448	185	285	1,550	149	60	244	20	1,917.0	22	 
2015	11760	1004	Central Ark.	-	Opponent Totals	-	-	-	-	-	116	 	 	1,254	535	3,544	0.203	1,177	149	246	1,453	185	44	416	34	1,655.0	20	 
2015	11760	127	Central Conn. St.	-	Totals	-	-	-	-	-	104	 	 	1,249	568	3,583	0.190	1,146	117	124	1,450	154	42	399	47	1,607.5	30	 
2015	11760	127	Central Conn. St.	-	Opponent Totals	-	-	-	-	-	104	 	 	1,380	586	3,696	0.215	1,313	155	160	1,489	117	39	433	47	1,790.5	35	 
2015	11760	129	Central Mich.	-	Totals	-	-	-	-	-	111	 	 	1,384	613	3,819	0.202	1,274	122	212	1,627	142	84	322	50	1,751.0	59	 
2015	11760	129	Central Mich.	-	Opponent Totals	-	-	-	-	-	111	 	 	1,377	600	3,823	0.203	1,278	143	199	1,586	122	72	371	41	1,777.5	43	 
2015	11760	48	Charleston So.	-	Totals	-	-	-	-	-	116	 	 	1,379	616	4,107	0.186	1,287	107	192	1,872	169	53	242	54	1,660.0	42	 
2015	11760	48	Charleston So.	-	Opponent Totals	-	-	-	-	-	116	 	 	1,544	666	4,352	0.202	1,436	169	222	1,811	107	52	278	58	1,904.0	35	 
2015	11760	458	Charlotte	-	Totals	-	-	-	-	-	138	 	 	1,782	782	4,941	0.202	1,668	183	228	2,154	180	73	376	79	2,226.0	43	 
2015	11760	458	Charlotte	-	Opponent Totals	-	-	-	-	-	138	 	 	1,713	708	4,846	0.207	1,597	180	259	2,069	183	74	456	90	2,195.0	39	 
2015	11760	693	Chattanooga	-	Totals	-	-	-	-	-	120	 	 	1,441	576	4,192	0.206	1,359	168	217	1,835	192	56	369	65	1,849.5	33	 
2015	11760	693	Chattanooga	-	Opponent Totals	-	-	-	-	-	120	 	 	1,573	652	4,356	0.211	1,446	192	237	1,906	168	42	353	74	1,983.5	46	 
2015	11760	136	Chicago St.	-	Totals	-	-	-	-	-	105	 	 	1,078	666	3,457	0.119	994	150	271	1,283	149	34	306	57	1,415.0	46	 
2015	11760	136	Chicago St.	-	Opponent Totals	-	-	-	-	-	105	 	 	1,248	509	3,243	0.228	1,142	151	215	1,484	149	52	332	29	1,617.0	33	 
2015	11760	140	Cincinnati	-	Totals	-	-	-	-	-	124	 	 	1,594	672	4,390	0.210	1,480	113	219	1,914	152	51	402	71	1,959.0	57	 
2015	11760	140	Cincinnati	-	Opponent Totals	-	-	-	-	-	124	 	 	1,577	661	4,454	0.206	1,460	152	269	1,810	113	52	410	52	1,986.0	37	 
2015	11760	141	Citadel	-	Totals	-	-	-	-	-	115	 	 	1,251	673	3,836	0.151	1,150	100	149	1,442	215	52	241	63	1,523.5	69	 
2015	11760	141	Citadel	-	Opponent Totals	-	-	-	-	-	115	 	 	1,538	550	3,789	0.261	1,439	215	236	1,646	100	47	326	33	1,963.0	58	 
2015	11760	147	Clemson	-	Totals	-	-	-	-	-	119	 	 	1,518	594	4,160	0.222	1,412	158	214	1,685	136	85	506	51	2,014.0	28	 
2015	11760	147	Clemson	-	Opponent Totals	-	-	-	-	-	119	 	 	1,526	734	4,227	0.187	1,429	136	228	1,739	158	55	339	46	1,886.5	35	 
2015	11760	148	Cleveland St.	-	Totals	-	-	-	-	-	101	 	 	1,241	542	3,647	0.192	1,167	119	222	1,637	91	53	368	57	1,597.0	35	 
2015	11760	148	Cleveland St.	-	Opponent Totals	-	-	-	-	-	101	 	 	1,271	592	3,735	0.182	1,165	91	193	1,633	119	48	308	43	1,564.0	33	 
2015	11760	149	Coastal Caro.	-	Totals	-	-	-	-	-	118	 	 	1,547	532	4,228	0.240	1,437	143	260	2,010	103	119	312	57	1,965.0	36	 
2015	11760	149	Coastal Caro.	-	Opponent Totals	-	-	-	-	-	118	 	 	1,340	747	4,418	0.134	1,235	103	206	1,882	143	64	228	25	1,621.0	23	 
2015	11760	1014	Col. of Charleston	-	Totals	-	-	-	-	-	132	 	 	1,805	814	5,049	0.196	1,699	132	128	2,380	138	56	407	77	2,196.5	78	 
2015	11760	1014	Col. of Charleston	-	Opponent Totals	-	-	-	-	-	132	 	 	1,602	710	4,960	0.180	1,487	138	239	2,105	132	64	483	81	2,045.5	35	 
2015	11760	153	Colgate	-	Totals	-	-	-	-	-	96	 	 	1,128	496	3,359	0.188	1,048	116	178	1,519	133	60	238	56	1,423.0	37	 
2015	11760	153	Colgate	-	Opponent Totals	-	-	-	-	-	96	 	 	1,150	541	3,410	0.179	1,063	134	177	1,517	116	42	298	38	1,475.0	50	 
2015	11760	157	Colorado	-	Totals	-	-	-	-	-	132	 	 	1,822	708	4,551	0.245	1,691	157	302	1,780	133	79	473	45	2,294.5	25	 
2015	11760	157	Colorado	-	Opponent Totals	-	-	-	-	-	132	 	 	1,619	699	4,420	0.208	1,524	133	223	1,714	156	57	520	41	2,069.0	25	 
2015	11760	156	Colorado St.	-	Totals	-	-	-	-	-	114	 	 	1,616	527	3,889	0.280	1,508	142	234	1,666	105	63	482	45	2,062.0	16	 
2015	11760	156	Colorado St.	-	Opponent Totals	-	-	-	-	-	114	 	 	1,316	709	4,029	0.151	1,217	105	212	1,456	142	56	387	64	1,670.5	33	 
2015	11760	158	Columbia	-	Totals	-	-	-	-	-	86	 	 	1,072	439	3,196	0.198	1,001	83	130	1,464	121	47	271	39	1,337.5	28	 
2015	11760	158	Columbia	-	Opponent Totals	-	-	-	-	-	86	 	 	1,136	511	3,391	0.184	1,065	121	155	1,446	83	26	256	55	1,411.0	35	 
2015	11760	165	Coppin St.	-	Totals	-	-	-	-	-	113	 	 	1,370	600	3,627	0.212	1,289	132	159	1,547	178	56	256	66	1,686.0	37	 
2015	11760	165	Coppin St.	-	Opponent Totals	-	-	-	-	-	113	 	 	1,398	552	3,727	0.227	1,268	178	258	1,434	132	49	298	64	1,774.0	35	 
2015	11760	167	Cornell	-	Totals	-	-	-	-	-	87	 	 	1,016	581	3,278	0.133	942	112	151	1,422	131	33	246	51	1,284.0	40	 
2015	11760	167	Cornell	-	Opponent Totals	-	-	-	-	-	87	 	 	1,100	410	3,145	0.219	1,042	131	161	1,464	112	46	296	37	1,425.0	21	 
2015	11760	169	Creighton	-	Totals	-	-	-	-	-	128	 	 	1,811	698	4,728	0.235	1,682	146	233	2,127	127	50	581	59	2,297.5	22	 
2015	11760	169	Creighton	-	Opponent Totals	-	-	-	-	-	128	 	 	1,467	726	4,604	0.161	1,397	127	206	1,914	146	49	481	82	1,883.5	33	 
2015	11760	172	Dartmouth	-	Totals	-	-	-	-	-	93	 	 	1,125	506	3,297	0.188	1,064	114	213	1,429	106	51	260	39	1,420.0	22	 
2015	11760	172	Dartmouth	-	Opponent Totals	-	-	-	-	-	93	 	 	1,153	501	3,315	0.197	1,054	106	151	1,464	114	51	249	28	1,434.5	30	 
2015	11760	173	Davidson	-	Totals	-	-	-	-	-	86	 	 	904	480	2,945	0.144	835	69	122	1,213	146	50	291	33	1,168.5	37	 
2015	11760	173	Davidson	-	Opponent Totals	-	-	-	-	-	86	 	 	1,196	472	3,109	0.233	1,128	146	186	1,398	69	47	241	35	1,509.5	34	 
2015	11760	175	Dayton	-	Totals	-	-	-	-	-	131	 	 	1,806	629	4,702	0.250	1,691	199	261	2,075	126	44	568	68	2,333.0	37	 
2015	11760	175	Dayton	-	Opponent Totals	-	-	-	-	-	131	 	 	1,544	733	4,681	0.173	1,447	126	242	1,942	199	57	382	53	1,918.0	53	 
2015	11760	176	DePaul	-	Totals	-	-	-	-	-	114	 	 	1,341	602	3,778	0.196	1,240	110	174	1,449	214	49	408	48	1,704.0	9	 
2015	11760	176	DePaul	-	Opponent Totals	-	-	-	-	-	114	 	 	1,632	576	3,929	0.269	1,518	213	183	1,674	110	61	412	49	2,112.0	13	 
2015	11760	180	Delaware	-	Totals	-	-	-	-	-	117	 	 	1,462	605	4,115	0.208	1,368	143	181	1,681	147	39	463	65	1,875.5	51	 
2015	11760	180	Delaware	-	Opponent Totals	-	-	-	-	-	117	 	 	1,514	658	4,140	0.207	1,429	147	220	1,751	143	47	436	53	1,926.0	53	 
2015	11760	178	Delaware St.	-	Totals	-	-	-	-	-	91	 	 	856	514	2,777	0.123	786	103	184	1,088	195	37	244	38	1,118.0	28	 
2015	11760	178	Delaware St.	-	Opponent Totals	-	-	-	-	-	91	 	 	1,237	428	2,966	0.273	1,143	195	218	1,208	103	37	299	36	1,618.5	42	 
2015	11760	183	Denver	-	Totals	-	-	-	-	-	122	 	 	1,719	535	4,452	0.266	1,595	142	237	1,919	150	32	448	63	2,117.0	30	 
2015	11760	183	Denver	-	Opponent Totals	-	-	-	-	-	122	 	 	1,518	717	4,440	0.180	1,417	150	186	1,904	142	83	312	74	1,907.0	41	 
2015	11760	189	Drake	-	Totals	-	-	-	-	-	108	 	 	1,246	505	3,949	0.188	1,152	132	139	1,661	125	32	362	38	1,591.0	49	 
2015	11760	189	Drake	-	Opponent Totals	-	-	-	-	-	108	 	 	1,561	603	4,109	0.233	1,463	126	172	1,942	132	47	334	46	1,901.0	44	 
2015	11760	193	Duke	-	Totals	-	-	-	-	-	109	 	 	1,616	557	4,043	0.262	1,531	146	164	1,845	111	38	364	23	1,982.0	30	 
2015	11760	193	Duke	-	Opponent Totals	-	-	-	-	-	109	 	 	1,326	525	3,949	0.203	1,229	111	174	1,578	146	41	401	57	1,678.5	37	 
2015	11760	194	Duquesne	-	Totals	-	-	-	-	-	105	 	 	1,345	465	3,440	0.256	1,261	130	152	1,464	133	54	320	33	1,689.0	50	 
2015	11760	194	Duquesne	-	Opponent Totals	-	-	-	-	-	105	 	 	1,364	591	3,685	0.210	1,290	133	188	1,405	130	32	334	62	1,696.0	52	 
2015	11760	198	ETSU	-	Totals	-	-	-	-	-	128	 	 	1,594	690	4,666	0.194	1,476	180	243	1,989	147	42	501	43	2,066.5	65	 
2015	11760	198	ETSU	-	Opponent Totals	-	-	-	-	-	128	 	 	1,587	706	4,641	0.190	1,498	147	221	2,042	179	62	333	66	1,962.5	42	 
2015	11760	196	East Carolina	-	Totals	-	-	-	-	-	118	 	 	1,379	617	4,029	0.189	1,272	146	234	1,691	162	48	333	53	1,739.5	17	 
2015	11760	196	East Carolina	-	Opponent Totals	-	-	-	-	-	118	 	 	1,488	602	4,059	0.218	1,386	163	224	1,784	146	47	251	36	1,823.5	53	 
2015	11760	201	Eastern Ill.	-	Totals	-	-	-	-	-	127	 	 	1,727	736	4,774	0.208	1,624	155	191	2,053	144	48	365	66	2,112.5	36	 
2015	11760	201	Eastern Ill.	-	Opponent Totals	-	-	-	-	-	127	 	 	1,607	672	4,617	0.203	1,500	144	179	1,942	155	76	440	83	2,047.0	25	 
2015	11760	202	Eastern Ky.	-	Totals	-	-	-	-	-	134	 	 	1,725	753	5,007	0.194	1,596	182	238	2,200	138	53	288	62	2,104.0	44	 
2015	11760	202	Eastern Ky.	-	Opponent Totals	-	-	-	-	-	134	 	 	1,683	754	4,929	0.188	1,599	139	233	2,187	182	65	364	48	2,069.0	35	 
2015	11760	204	Eastern Mich.	-	Totals	-	-	-	-	-	121	 	 	1,528	688	4,573	0.184	1,410	147	185	2,058	113	50	392	56	1,921.0	12	 
2015	11760	204	Eastern Mich.	-	Opponent Totals	-	-	-	-	-	121	 	 	1,539	691	4,590	0.185	1,433	113	208	2,086	146	67	381	49	1,909.5	66	 
2015	11760	207	Eastern Wash.	-	Totals	-	-	-	-	-	114	 	 	1,425	628	3,796	0.210	1,323	138	240	1,400	168	35	327	46	1,761.5	38	 
2015	11760	207	Eastern Wash.	-	Opponent Totals	-	-	-	-	-	114	 	 	1,462	513	3,636	0.261	1,374	169	199	1,503	138	65	417	57	1,904.5	25	 
2015	11760	1068	Elon	-	Totals	-	-	-	-	-	120	 	 	1,387	765	4,398	0.141	1,297	114	267	1,743	171	33	468	45	1,768.0	48	 
2015	11760	1068	Elon	-	Opponent Totals	-	-	-	-	-	120	 	 	1,497	650	4,220	0.201	1,404	171	212	1,981	114	44	358	41	1,891.0	38	 
2015	11760	219	Evansville	-	Totals	-	-	-	-	-	106	 	 	1,232	603	3,591	0.175	1,145	94	152	1,350	141	83	338	70	1,578.0	23	 
2015	11760	219	Evansville	-	Opponent Totals	-	-	-	-	-	106	 	 	1,554	588	3,737	0.258	1,450	141	181	1,545	94	30	340	37	1,895.0	22	 
2015	11760	28755	FGCU	-	Totals	-	-	-	-	-	119	 	 	1,600	671	4,379	0.212	1,528	163	276	1,916	116	37	327	28	1,963.5	27	 
2015	11760	28755	FGCU	-	Opponent Totals	-	-	-	-	-	119	 	 	1,418	612	4,199	0.192	1,306	116	213	1,754	162	29	399	28	1,762.5	27	 
2015	11760	231	FIU	-	Totals	-	-	-	-	-	113	 	 	1,294	634	4,070	0.162	1,185	117	150	1,736	145	77	338	57	1,657.0	25	 
2015	11760	231	FIU	-	Opponent Totals	-	-	-	-	-	113	 	 	1,555	654	4,252	0.212	1,434	145	204	1,817	117	79	334	60	1,946.0	30	 
2015	11760	220	Fairfield	-	Totals	-	-	-	-	-	118	 	 	1,540	683	4,467	0.192	1,436	132	210	1,979	144	70	324	81	1,904.0	36	 
2015	11760	220	Fairfield	-	Opponent Totals	-	-	-	-	-	118	 	 	1,412	690	4,374	0.165	1,303	144	215	1,954	131	61	312	55	1,773.0	49	 
2015	11760	222	Fairleigh Dickinson	-	Totals	-	-	-	-	-	102	 	 	1,045	520	3,706	0.142	973	90	111	1,701	191	44	350	29	1,354.0	26	 
2015	11760	222	Fairleigh Dickinson	-	Opponent Totals	-	-	-	-	-	102	 	 	1,523	615	4,089	0.222	1,436	191	216	1,865	90	25	419	51	1,948.5	53	 
2015	11760	229	Fla. Atlantic	-	Totals	-	-	-	-	-	108	 	 	1,447	573	3,976	0.220	1,346	127	178	1,686	89	62	349	63	1,810.5	10	 
2015	11760	229	Fla. Atlantic	-	Opponent Totals	-	-	-	-	-	108	 	 	1,345	678	4,001	0.167	1,274	89	173	1,652	127	57	431	47	1,706.5	39	 
2015	11760	235	Florida	-	Totals	-	-	-	-	-	114	 	 	1,621	480	3,581	0.319	1,495	174	355	1,415	56	71	398	59	2,065.0	24	 
2015	11760	235	Florida	-	Opponent Totals	-	-	-	-	-	114	 	 	1,223	626	3,477	0.172	1,137	56	216	1,292	174	49	275	42	1,465.5	42	 
2015	11760	228	Florida A&M	-	Totals	-	-	-	-	-	101	 	 	1,171	541	3,112	0.202	1,032	110	173	1,277	122	63	269	42	1,478.5	55	 
2015	11760	228	Florida A&M	-	Opponent Totals	-	-	-	-	-	101	 	 	1,209	542	3,206	0.208	1,064	122	206	1,205	113	56	335	39	1,554.5	52	 
2015	11760	234	Florida St.	-	Totals	-	-	-	-	-	124	 	 	1,734	607	4,092	0.275	1,625	144	184	1,727	104	63	588	75	2,235.0	60	 
2015	11760	234	Florida St.	-	Opponent Totals	-	-	-	-	-	124	 	 	1,516	727	4,279	0.184	1,414	104	236	1,515	144	69	359	63	1,868.5	49	 
2015	11760	236	Fordham	-	Totals	-	-	-	-	-	95	 	 	987	651	3,222	0.104	925	86	173	1,199	163	34	236	58	1,225.0	45	 
2015	11760	236	Fordham	-	Opponent Totals	-	-	-	-	-	95	 	 	1,169	419	2,969	0.253	1,103	163	193	1,323	85	33	406	43	1,568.0	22	 
2015	11760	96	Fresno St.	-	Totals	-	-	-	-	-	119	 	 	1,474	795	4,076	0.167	1,386	127	168	1,555	152	29	302	77	1,781.0	22	 
2015	11760	96	Fresno St.	-	Opponent Totals	-	-	-	-	-	119	 	 	1,524	518	3,812	0.264	1,438	152	192	1,516	127	36	623	77	2,023.5	19	 
2015	11760	244	Furman	-	Totals	-	-	-	-	-	118	 	 	1,615	564	4,081	0.258	1,495	140	176	1,836	119	87	352	67	2,018.0	21	 
2015	11760	244	Furman	-	Opponent Totals	-	-	-	-	-	118	 	 	1,443	670	4,204	0.184	1,323	119	205	1,661	140	63	362	49	1,806.0	43	 
2015	11760	253	Ga. Southern	-	Totals	-	-	-	-	-	110	 	 	1,366	717	3,801	0.171	1,278	110	181	1,501	148	45	315	49	1,678.5	24	 
2015	11760	253	Ga. Southern	-	Opponent Totals	-	-	-	-	-	110	 	 	1,445	567	3,710	0.237	1,352	149	206	1,478	109	49	407	52	1,846.5	29	 
2015	11760	1092	Gardner-Webb	-	Totals	-	-	-	-	-	119	 	 	1,373	627	4,134	0.180	1,306	155	208	1,795	170	66	370	83	1,779.0	40	 
2015	11760	1092	Gardner-Webb	-	Opponent Totals	-	-	-	-	-	119	 	 	1,585	660	4,315	0.214	1,476	170	204	1,913	155	46	296	60	1,949.0	39	 
2015	11760	248	George Mason	-	Totals	-	-	-	-	-	100	 	 	1,009	586	3,333	0.127	942	113	144	1,357	135	61	359	39	1,362.5	21	 
2015	11760	248	George Mason	-	Opponent Totals	-	-	-	-	-	100	 	 	1,366	574	3,528	0.224	1,269	135	203	1,528	112	46	282	16	1,688.0	23	 
2015	11760	249	George Washington	-	Totals	-	-	-	-	-	110	 	 	1,522	594	3,957	0.235	1,421	130	206	1,714	106	67	472	55	1,955.0	45	 
2015	11760	249	George Washington	-	Opponent Totals	-	-	-	-	-	110	 	 	1,298	641	3,915	0.168	1,212	106	176	1,550	130	40	351	47	1,619.5	30	 
2015	11760	251	Georgetown	-	Totals	-	-	-	-	-	107	 	 	1,314	604	3,998	0.178	1,232	107	145	1,693	127	35	304	43	1,608.0	52	 
2015	11760	251	Georgetown	-	Opponent Totals	-	-	-	-	-	107	 	 	1,474	541	3,946	0.236	1,351	127	215	1,782	108	43	425	53	1,856.5	27	 
2015	11760	257	Georgia	-	Totals	-	-	-	-	-	119	 	 	1,482	541	3,927	0.240	1,366	129	239	1,539	140	73	424	89	1,896.0	63	 
2015	11760	257	Georgia	-	Opponent Totals	-	-	-	-	-	119	 	 	1,612	687	4,102	0.225	1,515	140	252	1,700	129	44	333	80	1,962.5	48	 
2015	11760	254	Georgia St.	-	Totals	-	-	-	-	-	111	 	 	1,364	668	3,873	0.180	1,291	153	248	1,565	168	48	217	53	1,673.5	42	 
2015	11760	254	Georgia St.	-	Opponent Totals	-	-	-	-	-	111	 	 	1,411	519	3,738	0.239	1,294	168	186	1,602	153	46	321	51	1,785.5	39	 
2015	11760	255	Georgia Tech	-	Totals	-	-	-	-	-	118	 	 	1,499	631	4,019	0.216	1,402	121	224	1,668	129	53	375	84	1,860.5	41	 
2015	11760	255	Georgia Tech	-	Opponent Totals	-	-	-	-	-	118	 	 	1,488	588	3,970	0.227	1,388	129	196	1,673	121	53	394	62	1,867.0	45	 
2015	11760	260	Gonzaga	-	Totals	-	-	-	-	-	122	 	 	1,737	705	4,192	0.246	1,640	100	172	1,713	126	58	450	38	2,120.0	16	 
2015	11760	260	Gonzaga	-	Opponent Totals	-	-	-	-	-	122	 	 	1,533	621	4,134	0.221	1,452	126	222	1,499	100	37	516	51	1,954.0	32	 
2015	11760	261	Grambling	-	Totals	-	-	-	-	-	89	 	 	681	494	2,286	0.082	621	105	158	884	187	62	190	78	943.0	35	 
2015	11760	261	Grambling	-	Opponent Totals	-	-	-	-	-	89	 	 	1,062	406	2,454	0.267	919	177	175	1,047	176	53	180	68	1,382.0	43	 
2015	11760	1104	Grand Canyon	-	Totals	-	-	-	-	-	129	 	 	1,539	738	4,738	0.169	1,421	173	190	2,054	123	30	442	60	1,963.0	51	 
2015	11760	1104	Grand Canyon	-	Opponent Totals	-	-	-	-	-	129	 	 	1,572	726	4,670	0.181	1,468	123	264	2,130	173	47	379	61	1,931.5	47	 
2015	11760	794	Green Bay	-	Totals	-	-	-	-	-	92	 	 	1,076	578	3,428	0.145	1,002	96	148	1,479	107	18	262	41	1,321.0	19	 
2015	11760	794	Green Bay	-	Opponent Totals	-	-	-	-	-	92	 	 	1,274	463	3,410	0.238	1,182	109	198	1,509	94	40	365	41	1,605.5	19	 
2015	11760	270	Hampton	-	Totals	-	-	-	-	-	119	 	 	1,598	572	3,924	0.261	1,467	169	261	1,540	174	60	321	67	1,987.5	50	 
2015	11760	270	Hampton	-	Opponent Totals	-	-	-	-	-	119	 	 	1,367	597	3,768	0.204	1,265	174	227	1,479	169	38	440	68	1,799.0	57	 
2015	11760	272	Hartford	-	Totals	-	-	-	-	-	116	 	 	1,376	627	4,170	0.180	1,295	134	201	1,820	163	45	299	64	1,704.5	36	 
2015	11760	272	Hartford	-	Opponent Totals	-	-	-	-	-	116	 	 	1,455	638	4,203	0.194	1,379	163	215	1,821	134	53	372	69	1,857.0	55	 
2015	11760	275	Harvard	-	Totals	-	-	-	-	-	93	 	 	1,274	462	3,290	0.247	1,185	119	211	1,385	121	57	314	40	1,607.0	14	 
2015	11760	275	Harvard	-	Opponent Totals	-	-	-	-	-	93	 	 	1,135	507	3,264	0.192	1,069	121	160	1,343	119	53	276	42	1,447.0	13	 
2015	11760	277	Hawaii	-	Totals	-	-	-	-	-	106	 	 	1,412	501	3,738	0.244	1,320	156	262	1,621	98	57	522	53	1,886.0	17	 
2015	11760	277	Hawaii	-	Opponent Totals	-	-	-	-	-	106	 	 	1,242	615	3,834	0.164	1,152	98	217	1,582	156	42	366	48	1,565.0	25	 
2015	11760	19651	High Point	-	Totals	-	-	-	-	-	112	 	 	1,436	632	3,924	0.205	1,350	146	213	1,812	113	75	291	45	1,802.5	43	 
2015	11760	19651	High Point	-	Opponent Totals	-	-	-	-	-	112	 	 	1,317	594	3,959	0.183	1,209	113	203	1,624	146	51	306	55	1,634.0	39	 
2015	11760	283	Hofstra	-	Totals	-	-	-	-	-	120	 	 	1,697	649	4,203	0.249	1,601	163	276	1,704	102	27	518	80	2,146.0	41	 
2015	11760	283	Hofstra	-	Opponent Totals	-	-	-	-	-	120	 	 	1,300	678	3,983	0.156	1,225	102	203	1,539	163	41	422	65	1,654.0	49	 
2015	11760	285	Holy Cross	-	Totals	-	-	-	-	-	104	 	 	1,134	571	3,737	0.151	1,008	111	214	1,627	158	33	288	34	1,422.0	45	 
2015	11760	285	Holy Cross	-	Opponent Totals	-	-	-	-	-	104	 	 	1,346	543	3,819	0.210	1,226	158	183	1,778	111	42	273	45	1,682.5	37	 
2015	11760	288	Houston	-	Totals	-	-	-	-	-	129	 	 	1,692	694	4,749	0.210	1,578	148	244	1,982	138	58	353	86	2,074.5	71	 
2015	11760	288	Houston	-	Opponent Totals	-	-	-	-	-	129	 	 	1,674	657	4,592	0.221	1,568	138	239	2,071	148	28	418	63	2,049.0	46	 
2015	11760	287	Houston Baptist	-	Totals	-	-	-	-	-	113	 	 	1,408	606	4,095	0.196	1,323	125	202	1,762	118	36	471	48	1,804.5	30	 
2015	11760	287	Houston Baptist	-	Opponent Totals	-	-	-	-	-	113	 	 	1,502	667	4,243	0.197	1,403	118	196	1,808	125	32	379	58	1,841.5	35	 
2015	11760	290	Howard	-	Totals	-	-	-	-	-	113	 	 	1,406	628	3,755	0.207	1,299	164	303	1,578	120	62	354	61	1,809.0	56	 
2015	11760	290	Howard	-	Opponent Totals	-	-	-	-	-	113	 	 	1,257	630	3,679	0.170	1,142	120	256	1,482	164	69	337	57	1,614.5	40	 
2015	11760	308	IPFW	-	Totals	-	-	-	-	-	128	 	 	1,665	691	4,423	0.220	1,579	169	307	1,669	123	72	516	51	2,164.0	51	 
2015	11760	308	IPFW	-	Opponent Totals	-	-	-	-	-	128	 	 	1,591	693	4,203	0.214	1,522	123	191	1,764	169	61	399	37	1,974.5	44	 
2015	11760	2699	IUPUI	-	Totals	-	-	-	-	-	120	 	 	1,557	624	4,348	0.215	1,478	154	147	1,870	107	81	318	63	1,951.0	34	 
2015	11760	2699	IUPUI	-	Opponent Totals	-	-	-	-	-	120	 	 	1,596	709	4,427	0.200	1,520	107	212	1,926	154	58	415	55	1,968.5	48	 
2015	11760	295	Idaho	-	Totals	-	-	-	-	-	108	 	 	1,420	499	3,918	0.235	1,335	93	158	1,658	151	43	358	41	1,735.0	13	 
2015	11760	295	Idaho	-	Opponent Totals	-	-	-	-	-	108	 	 	1,487	573	4,004	0.228	1,391	151	213	1,724	93	70	323	31	1,869.5	13	 
2015	11760	294	Idaho St.	-	Totals	-	-	-	-	-	116	 	 	1,570	694	4,255	0.206	1,450	180	186	1,747	133	47	414	23	2,004.0	9	 
2015	11760	294	Idaho St.	-	Opponent Totals	-	-	-	-	-	116	 	 	1,396	677	4,127	0.174	1,293	135	195	1,694	178	62	397	23	1,791.5	21	 
2015	11760	302	Ill.-Chicago	-	Totals	-	-	-	-	-	117	 	 	1,624	735	4,060	0.219	1,521	109	190	1,655	162	73	276	72	1,944.0	19	 
2015	11760	302	Ill.-Chicago	-	Opponent Totals	-	-	-	-	-	117	 	 	1,502	599	3,966	0.228	1,369	163	231	1,416	109	85	462	56	1,981.0	16	 
2015	11760	301	Illinois	-	Totals	-	-	-	-	-	130	 	 	1,796	639	4,571	0.253	1,696	116	168	1,936	129	30	639	74	2,261.5	45	 
2015	11760	301	Illinois	-	Opponent Totals	-	-	-	-	-	130	 	 	1,640	800	4,714	0.178	1,539	129	253	1,844	116	34	527	71	2,066.5	33	 
2015	11760	299	Illinois St.	-	Totals	-	-	-	-	-	124	 	 	1,707	587	4,770	0.235	1,589	158	224	2,269	119	46	439	46	2,130.5	39	 
2015	11760	299	Illinois St.	-	Opponent Totals	-	-	-	-	-	124	 	 	1,463	742	4,825	0.149	1,369	119	176	2,165	158	37	354	66	1,796.0	27	 
2015	11760	2743	Incarnate Word	-	Totals	-	-	-	-	-	123	 	 	1,447	777	4,268	0.157	1,364	134	264	1,739	166	43	334	79	1,791.0	42	 
2015	11760	2743	Incarnate Word	-	Opponent Totals	-	-	-	-	-	123	 	 	1,546	605	4,165	0.226	1,439	166	228	1,756	134	41	443	54	1,974.5	39	 
2015	11760	306	Indiana	-	Totals	-	-	-	-	-	118	 	 	1,513	806	3,994	0.177	1,426	145	236	1,481	109	40	379	60	1,887.5	20	 
2015	11760	306	Indiana	-	Opponent Totals	-	-	-	-	-	118	 	 	1,459	569	3,779	0.236	1,351	109	215	1,424	144	58	532	58	1,892.0	18	 
2015	11760	305	Indiana St.	-	Totals	-	-	-	-	-	115	 	 	1,523	616	4,064	0.223	1,423	167	185	1,759	150	79	222	53	1,880.0	31	 
2015	11760	305	Indiana St.	-	Opponent Totals	-	-	-	-	-	115	 	 	1,418	576	4,004	0.210	1,303	150	204	1,623	166	69	284	49	1,779.0	39	 
2015	11760	310	Iona	-	Totals	-	-	-	-	-	132	 	 	1,527	675	4,835	0.176	1,433	162	223	2,187	189	60	377	61	1,937.5	85	 
2015	11760	310	Iona	-	Opponent Totals	-	-	-	-	-	132	 	 	1,672	740	4,948	0.188	1,558	189	246	2,314	162	41	358	81	2,081.0	50	 
2015	11760	312	Iowa	-	Totals	-	-	-	-	-	106	 	 	1,289	596	3,441	0.201	1,218	122	193	1,282	150	48	354	53	1,636.0	32	 
2015	11760	312	Iowa	-	Opponent Totals	-	-	-	-	-	106	 	 	1,392	569	3,510	0.234	1,286	150	206	1,306	122	64	426	55	1,819.0	16	 
2015	11760	311	Iowa St.	-	Totals	-	-	-	-	-	104	 	 	1,447	576	3,920	0.222	1,369	119	173	1,730	110	42	358	73	1,787.0	34	 
2015	11760	311	Iowa St.	-	Opponent Totals	-	-	-	-	-	104	 	 	1,296	549	3,775	0.198	1,202	110	165	1,573	119	47	447	61	1,676.5	24	 
2015	11760	314	Jackson St.	-	Totals	-	-	-	-	-	112	 	 	1,141	639	3,242	0.155	1,057	115	212	1,251	207	86	281	72	1,482.5	38	 
2015	11760	314	Jackson St.	-	Opponent Totals	-	-	-	-	-	112	 	 	1,259	572	3,291	0.209	1,143	206	217	1,266	113	56	318	86	1,680.0	26	 
2015	11760	316	Jacksonville	-	Totals	-	-	-	-	-	126	 	 	1,517	605	4,469	0.204	1,375	161	237	2,053	155	31	437	45	1,927.5	22	 
2015	11760	316	Jacksonville	-	Opponent Totals	-	-	-	-	-	126	 	 	1,567	721	4,695	0.180	1,432	158	249	2,121	161	39	385	48	1,956.5	39	 
2015	11760	315	Jacksonville St.	-	Totals	-	-	-	-	-	133	 	 	1,561	695	4,638	0.187	1,474	129	147	2,077	178	81	323	64	1,932.5	32	 
2015	11760	315	Jacksonville St.	-	Opponent Totals	-	-	-	-	-	133	 	 	1,811	778	4,950	0.209	1,704	178	292	2,057	129	87	421	86	2,286.5	37	 
2015	11760	317	James Madison	-	Totals	-	-	-	-	-	116	 	 	1,463	563	4,096	0.220	1,373	114	149	1,786	108	30	482	67	1,848.0	20	 
2015	11760	317	James Madison	-	Opponent Totals	-	-	-	-	-	116	 	 	1,580	675	4,367	0.207	1,470	108	182	1,821	114	37	409	49	1,929.5	53	 
2015	11760	328	Kansas	-	Totals	-	-	-	-	-	118	 	 	1,627	615	4,197	0.241	1,513	131	286	1,811	60	41	511	62	2,054.5	43	 
2015	11760	328	Kansas	-	Opponent Totals	-	-	-	-	-	118	 	 	1,354	652	4,115	0.171	1,259	60	208	1,638	131	37	424	68	1,663.0	36	 
2015	11760	327	Kansas St.	-	Totals	-	-	-	-	-	116	 	 	1,568	585	4,075	0.241	1,469	126	187	1,721	112	48	570	63	2,027.0	30	 
2015	11760	327	Kansas St.	-	Opponent Totals	-	-	-	-	-	116	 	 	1,485	672	4,172	0.195	1,402	112	200	1,632	126	51	373	60	1,834.5	27	 
2015	11760	1157	Kennesaw St.	-	Totals	-	-	-	-	-	113	 	 	1,351	706	4,154	0.155	1,259	142	241	1,715	121	31	328	63	1,688.0	39	 
2015	11760	1157	Kennesaw St.	-	Opponent Totals	-	-	-	-	-	113	 	 	1,455	583	4,036	0.216	1,378	122	266	1,749	141	51	360	48	1,808.0	30	 
2015	11760	331	Kent St.	-	Totals	-	-	-	-	-	123	 	 	1,534	661	4,421	0.197	1,432	117	210	2,007	139	96	383	69	1,938.5	62	 
2015	11760	331	Kent St.	-	Opponent Totals	-	-	-	-	-	123	 	 	1,615	742	4,629	0.189	1,485	139	212	1,965	117	60	372	66	2,000.0	60	 
2015	11760	334	Kentucky	-	Totals	-	-	-	-	-	118	 	 	1,681	538	4,203	0.272	1,538	148	235	1,686	84	44	458	88	2,102.0	25	 
2015	11760	334	Kentucky	-	Opponent Totals	-	-	-	-	-	118	 	 	1,491	687	4,147	0.194	1,411	84	219	1,690	149	48	330	78	1,788.0	34	 
2015	11760	361	LIU Brooklyn	-	Totals	-	-	-	-	-	115	 	 	1,567	584	4,132	0.238	1,489	173	174	1,775	126	36	463	55	2,007.5	46	 
2015	11760	361	LIU Brooklyn	-	Opponent Totals	-	-	-	-	-	115	 	 	1,299	645	4,055	0.161	1,219	127	174	1,677	173	43	429	99	1,683.5	46	 
2015	11760	365	LSU	-	Totals	-	-	-	-	-	116	 	 	1,575	600	4,085	0.239	1,467	149	232	1,739	109	85	378	82	1,998.0	33	 
2015	11760	365	LSU	-	Opponent Totals	-	-	-	-	-	116	 	 	1,446	644	4,093	0.196	1,337	109	200	1,663	149	38	339	63	1,762.5	36	 
2015	11760	340	La Salle	-	Totals	-	-	-	-	-	111	 	 	1,206	597	3,980	0.153	1,114	195	302	1,571	171	26	202	29	1,528.0	57	 
2015	11760	340	La Salle	-	Opponent Totals	-	-	-	-	-	111	 	 	1,435	509	3,725	0.249	1,342	172	196	1,858	195	30	368	55	1,821.0	52	 
2015	11760	671	La.-Lafayette	-	Totals	-	-	-	-	-	129	 	 	1,613	736	4,472	0.196	1,519	152	231	1,957	145	75	356	66	2,018.0	43	 
2015	11760	671	La.-Lafayette	-	Opponent Totals	-	-	-	-	-	129	 	 	1,516	730	4,475	0.176	1,424	146	241	1,855	152	79	355	61	1,918.5	33	 
2015	11760	498	La.-Monroe	-	Totals	-	-	-	-	-	118	 	 	1,347	745	4,353	0.138	1,243	170	276	1,764	141	42	267	32	1,692.5	42	 
2015	11760	498	La.-Monroe	-	Opponent Totals	-	-	-	-	-	118	 	 	1,416	578	4,019	0.209	1,320	141	217	1,935	169	44	377	32	1,789.5	30	 
2015	11760	342	Lafayette	-	Totals	-	-	-	-	-	96	 	 	903	605	3,121	0.095	843	134	185	1,240	191	40	239	38	1,196.5	43	 
2015	11760	342	Lafayette	-	Opponent Totals	-	-	-	-	-	96	 	 	1,148	473	3,069	0.220	1,056	191	219	1,411	134	53	283	20	1,533.5	17	 
2015	11760	346	Lamar	-	Totals	-	-	-	-	-	103	 	 	1,197	500	3,549	0.196	1,131	125	317	1,461	169	37	371	42	1,544.5	33	 
2015	11760	346	Lamar	-	Opponent Totals	-	-	-	-	-	103	 	 	1,339	578	3,651	0.208	1,266	169	213	1,609	124	45	249	28	1,677.5	26	 
2015	11760	352	Lehigh	-	Totals	-	-	-	-	-	108	 	 	1,413	535	3,999	0.220	1,306	149	215	1,782	126	62	239	23	1,743.5	22	 
2015	11760	352	Lehigh	-	Opponent Totals	-	-	-	-	-	108	 	 	1,251	631	3,954	0.157	1,157	128	218	1,791	149	44	285	29	1,565.5	24	 
2015	11760	355	Liberty	-	Totals	-	-	-	-	-	124	 	 	1,683	637	4,515	0.232	1,572	133	231	2,037	137	57	404	62	2,075.0	40	 
2015	11760	355	Liberty	-	Opponent Totals	-	-	-	-	-	124	 	 	1,602	725	4,704	0.186	1,479	137	188	1,907	133	56	356	52	1,973.0	52	 
2015	11760	28600	Lipscomb	-	Totals	-	-	-	-	-	120	 	 	1,619	707	4,432	0.206	1,524	145	258	1,886	114	56	330	87	1,985.0	47	 
2015	11760	28600	Lipscomb	-	Opponent Totals	-	-	-	-	-	120	 	 	1,375	586	4,086	0.193	1,282	115	252	1,751	145	59	464	61	1,781.0	29	 
2015	11760	32	Little Rock	-	Totals	-	-	-	-	-	122	 	 	1,649	528	4,086	0.274	1,509	170	230	1,812	127	77	590	86	2,191.0	29	 
2015	11760	32	Little Rock	-	Opponent Totals	-	-	-	-	-	122	 	 	1,374	782	4,307	0.137	1,301	127	197	1,714	170	34	290	29	1,680.0	39	 
2015	11760	99	Long Beach St.	-	Totals	-	-	-	-	-	112	 	 	1,509	505	3,854	0.261	1,385	128	164	1,753	118	84	459	60	1,950.5	23	 
2015	11760	99	Long Beach St.	-	Opponent Totals	-	-	-	-	-	112	 	 	1,366	721	4,094	0.158	1,268	118	218	1,555	128	49	340	67	1,703.0	38	 
2015	11760	366	Louisiana Tech	-	Totals	-	-	-	-	-	95	 	 	1,106	565	3,378	0.160	1,030	86	156	1,353	103	31	299	47	1,372.5	46	 
2015	11760	366	Louisiana Tech	-	Opponent Totals	-	-	-	-	-	95	 	 	1,254	531	3,343	0.216	1,169	105	159	1,475	86	48	306	57	1,560.0	35	 
2015	11760	367	Louisville	-	Totals	-	-	-	-	-	114	 	 	1,474	487	3,939	0.251	1,362	132	191	1,725	151	58	407	79	1,867.5	23	 
2015	11760	367	Louisville	-	Opponent Totals	-	-	-	-	-	114	 	 	1,540	679	4,205	0.205	1,453	151	201	1,751	132	27	301	45	1,868.5	42	 
2015	11760	371	Loyola Chicago	-	Totals	-	-	-	-	-	104	 	 	1,356	657	3,657	0.191	1,288	117	257	1,480	126	55	286	61	1,671.0	25	 
2015	11760	371	Loyola Chicago	-	Opponent Totals	-	-	-	-	-	104	 	 	1,287	485	3,468	0.231	1,188	127	161	1,400	117	43	378	48	1,646.0	20	 
2015	11760	369	Loyola Maryland	-	Totals	-	-	-	-	-	96	 	 	1,012	611	3,160	0.127	954	131	270	1,305	187	12	205	38	1,257.5	53	 
2015	11760	369	Loyola Maryland	-	Opponent Totals	-	-	-	-	-	96	 	 	1,188	398	3,076	0.257	1,081	187	219	1,325	131	45	310	43	1,575.0	39	 
2015	11760	370	Loyola Marymount	-	Totals	-	-	-	-	-	113	 	 	1,589	601	3,885	0.254	1,501	140	188	1,587	91	34	453	39	1,989.5	12	 
2015	11760	370	Loyola Marymount	-	Opponent Totals	-	-	-	-	-	113	 	 	1,389	634	3,854	0.196	1,337	91	210	1,366	140	62	516	55	1,800.0	21	 
2015	11760	381	Manhattan	-	Totals	-	-	-	-	-	131	 	 	1,710	712	5,018	0.199	1,589	175	204	2,351	165	34	288	52	2,063.0	60	 
2015	11760	381	Manhattan	-	Opponent Totals	-	-	-	-	-	131	 	 	1,574	698	4,961	0.177	1,447	165	230	2,213	175	48	441	64	2,007.5	69	 
2015	11760	386	Marist	-	Totals	-	-	-	-	-	112	 	 	1,456	542	4,025	0.227	1,364	207	238	1,713	102	45	378	45	1,897.0	37	 
2015	11760	386	Marist	-	Opponent Totals	-	-	-	-	-	112	 	 	1,327	669	3,994	0.165	1,244	102	200	1,729	207	32	320	70	1,621.0	55	 
2015	11760	387	Marquette	-	Totals	-	-	-	-	-	120	 	 	1,685	556	4,548	0.248	1,557	138	259	2,012	86	60	506	57	2,136.0	33	 
2015	11760	387	Marquette	-	Opponent Totals	-	-	-	-	-	120	 	 	1,421	721	4,449	0.157	1,321	86	171	2,037	137	30	405	64	1,739.5	39	 
2015	11760	388	Marshall	-	Totals	-	-	-	-	-	123	 	 	1,546	751	4,457	0.178	1,437	141	188	1,807	132	74	330	67	1,926.0	26	 
2015	11760	388	Marshall	-	Opponent Totals	-	-	-	-	-	123	 	 	1,569	650	4,322	0.213	1,486	132	229	1,856	140	78	426	47	1,992.0	44	 
2015	11760	392	Maryland	-	Totals	-	-	-	-	-	118	 	 	1,260	694	3,728	0.152	1,173	134	225	1,329	168	58	427	63	1,665.5	33	 
2015	11760	392	Maryland	-	Opponent Totals	-	-	-	-	-	118	 	 	1,485	615	3,683	7.878	1,401	169	251	1,539	135	45	450	37	1,924.0	30	 
2015	11760	402	McNeese St.	-	Totals	-	-	-	-	-	119	 	 	1,410	662	4,113	0.182	1,320	214	306	1,735	156	48	303	50	1,823.5	26	 
2015	11760	402	McNeese St.	-	Opponent Totals	-	-	-	-	-	119	 	 	1,364	655	4,014	0.177	1,278	158	248	1,773	214	40	399	66	1,761.5	40	 
2015	11760	404	Memphis	-	Totals	-	-	-	-	-	133	 	 	1,742	719	4,924	0.208	1,647	174	295	2,301	123	57	453	54	2,199.5	42	 
2015	11760	404	Memphis	-	Opponent Totals	-	-	-	-	-	133	 	 	1,553	763	4,922	0.161	1,455	123	241	2,141	173	57	448	72	1,957.0	46	 
2015	11760	406	Mercer	-	Totals	-	-	-	-	-	118	 	 	1,465	594	4,144	0.210	1,389	164	257	1,797	143	63	322	57	1,853.0	62	 
2015	11760	406	Mercer	-	Opponent Totals	-	-	-	-	-	118	 	 	1,538	595	4,177	0.226	1,428	143	229	1,762	164	59	388	64	1,934.0	32	 
2015	11760	415	Miami (FL)	-	Totals	-	-	-	-	-	109	 	 	1,464	472	3,639	0.273	1,384	152	257	1,540	111	45	454	22	1,888.0	37	 
2015	11760	415	Miami (FL)	-	Opponent Totals	-	-	-	-	-	109	 	 	1,302	604	3,709	0.188	1,220	111	203	1,467	152	55	230	30	1,583.0	58	 
2015	11760	414	Miami (OH)	-	Totals	-	-	-	-	-	120	 	 	1,628	570	4,497	0.235	1,508	128	219	1,971	126	85	295	43	1,988.5	32	 
2015	11760	414	Miami (OH)	-	Opponent Totals	-	-	-	-	-	120	 	 	1,593	717	4,553	0.192	1,469	127	202	2,038	128	62	364	63	1,964.0	36	 
2015	11760	418	Michigan	-	Totals	-	-	-	-	-	109	 	 	1,488	605	3,876	0.228	1,410	99	217	1,560	109	47	299	53	1,783.5	37	 
2015	11760	418	Michigan	-	Opponent Totals	-	-	-	-	-	109	 	 	1,359	543	3,686	0.221	1,296	109	216	1,477	99	46	484	51	1,756.0	31	 
2015	11760	416	Michigan St.	-	Totals	-	-	-	-	-	119	 	 	1,626	688	4,156	0.226	1,468	155	216	1,650	104	65	507	85	2,099.5	19	 
2015	11760	416	Michigan St.	-	Opponent Totals	-	-	-	-	-	119	 	 	1,373	703	3,994	0.168	1,308	104	203	1,585	155	55	330	65	1,697.0	34	 
2015	11760	419	Middle Tenn.	-	Totals	-	-	-	-	-	116	 	 	1,363	684	3,870	0.175	1,283	110	141	1,487	114	50	444	74	1,745.0	48	 
2015	11760	419	Middle Tenn.	-	Opponent Totals	-	-	-	-	-	116	 	 	1,551	641	4,010	0.227	1,438	114	190	1,577	110	55	396	76	1,918.0	34	 
2015	11760	797	Milwaukee	-	Totals	-	-	-	-	-	110	 	 	1,567	661	4,055	0.223	1,476	138	243	1,678	110	48	316	40	1,911.0	24	 
2015	11760	797	Milwaukee	-	Opponent Totals	-	-	-	-	-	110	 	 	1,353	550	3,819	0.210	1,271	110	180	1,559	138	60	433	86	1,739.5	19	 
2015	11760	428	Minnesota	-	Totals	-	-	-	-	-	108	 	 	1,416	541	3,786	0.231	1,307	121	186	1,483	117	29	566	50	1,849.0	28	 
2015	11760	428	Minnesota	-	Opponent Totals	-	-	-	-	-	108	 	 	1,395	662	3,847	0.191	1,317	116	214	1,571	121	37	419	61	1,757.5	23	 
2015	11760	430	Mississippi St.	-	Totals	-	-	-	-	-	120	 	 	1,270	646	4,254	0.147	1,185	115	126	1,913	195	65	306	70	1,603.0	21	 
2015	11760	430	Mississippi St.	-	Opponent Totals	-	-	-	-	-	120	 	 	1,716	603	4,483	0.248	1,580	196	272	2,025	115	51	382	54	2,154.0	8	 
2015	11760	432	Mississippi Val.	-	Totals	-	-	-	-	-	97	 	 	718	570	2,697	0.055	670	99	113	1,012	223	50	160	74	947.0	34	 
2015	11760	432	Mississippi Val.	-	Opponent Totals	-	-	-	-	-	97	 	 	1,186	474	2,824	0.252	1,109	224	186	1,269	99	73	175	59	1,570.5	27	 
2015	11760	434	Missouri	-	Totals	-	-	-	-	-	123	 	 	1,606	627	4,169	0.235	1,483	124	209	1,746	122	72	393	77	1,998.5	58	 
2015	11760	434	Missouri	-	Opponent Totals	-	-	-	-	-	123	 	 	1,561	610	4,145	0.229	1,432	122	239	1,670	124	56	392	91	1,935.0	26	 
2015	11760	669	Missouri St.	-	Totals	-	-	-	-	-	119	 	 	1,598	598	4,166	0.240	1,502	144	235	1,830	100	27	370	40	1,954.0	30	 
2015	11760	669	Missouri St.	-	Opponent Totals	-	-	-	-	-	119	 	 	1,374	634	4,097	0.181	1,292	100	176	1,719	144	63	316	64	1,695.0	49	 
2015	11760	441	Montana	-	Totals	-	-	-	-	-	111	 	 	1,211	600	3,702	0.165	1,138	117	179	1,412	150	41	391	64	1,564.5	55	 
2015	11760	441	Montana	-	Opponent Totals	-	-	-	-	-	111	 	 	1,526	605	3,792	0.243	1,404	150	209	1,594	117	54	330	54	1,895.0	19	 
2015	11760	440	Montana St.	-	Totals	-	-	-	-	-	96	 	 	1,123	550	3,233	0.177	1,073	85	163	1,275	121	29	249	45	1,361.5	36	 
2015	11760	440	Montana St.	-	Opponent Totals	-	-	-	-	-	96	 	 	1,324	484	3,316	0.253	1,237	121	143	1,346	85	51	424	48	1,708.0	37	 
2015	11760	444	Morehead St.	-	Totals	-	-	-	-	-	112	 	 	1,298	693	3,687	0.164	1,195	97	285	1,395	190	58	318	64	1,612.0	51	 
2015	11760	444	Morehead St.	-	Opponent Totals	-	-	-	-	-	112	 	 	1,392	567	3,546	0.233	1,271	190	196	1,457	97	49	377	64	1,819.5	27	 
2015	11760	446	Morgan St.	-	Totals	-	-	-	-	-	97	 	 	1,196	560	3,111	0.204	1,106	141	254	1,241	152	43	204	49	1,482.0	36	 
2015	11760	446	Morgan St.	-	Opponent Totals	-	-	-	-	-	97	 	 	1,093	495	2,986	0.200	1,005	152	223	1,134	141	51	291	42	1,441.5	27	 
2015	11760	454	Murray St.	-	Totals	-	-	-	-	-	109	 	 	1,555	553	3,974	0.252	1,436	142	200	1,870	110	51	234	34	1,865.0	20	 
2015	11760	454	Murray St.	-	Opponent Totals	-	-	-	-	-	109	 	 	1,219	600	3,943	0.157	1,149	110	198	1,580	141	42	340	41	1,541.0	28	 
2015	11760	488	N.C. A&T	-	Totals	-	-	-	-	-	105	 	 	1,016	634	3,534	0.108	926	125	178	1,502	171	48	262	39	1,320.0	99	 
2015	11760	488	N.C. A&T	-	Opponent Totals	-	-	-	-	-	105	 	 	1,256	655	3,659	0.164	1,139	170	225	1,649	125	44	236	34	1,588.0	37	 
2015	11760	489	N.C. Central	-	Totals	-	-	-	-	-	96	 	 	952	624	3,271	0.100	895	130	260	1,230	174	34	189	34	1,210.5	31	 
2015	11760	489	N.C. Central	-	Opponent Totals	-	-	-	-	-	96	 	 	1,214	464	3,103	0.242	1,119	174	219	1,469	130	41	320	48	1,589.0	35	 
2015	11760	471	NJIT	-	Totals	-	-	-	-	-	125	 	 	1,420	725	4,304	0.161	1,324	193	298	1,785	214	33	387	66	1,839.5	86	 
2015	11760	471	NJIT	-	Opponent Totals	-	-	-	-	-	125	 	 	1,472	670	4,237	0.189	1,363	214	230	1,869	193	48	369	50	1,918.5	51	 
2015	11760	726	Navy	-	Totals	-	-	-	-	-	93	 	 	1,179	553	3,350	0.187	1,107	144	201	1,518	112	62	199	45	1,484.5	60	 
2015	11760	726	Navy	-	Opponent Totals	-	-	-	-	-	93	 	 	1,068	476	3,289	0.180	987	112	212	1,392	144	78	251	38	1,383.5	37	 
2015	11760	463	Nebraska	-	Totals	-	-	-	-	-	118	 	 	1,564	599	4,089	0.236	1,476	118	220	1,699	93	72	543	64	2,025.5	23	 
2015	11760	463	Nebraska	-	Opponent Totals	-	-	-	-	-	118	 	 	1,507	746	4,246	0.179	1,405	93	226	1,645	118	40	417	74	1,848.5	39	 
2015	11760	466	Nevada	-	Totals	-	-	-	-	-	101	 	 	1,200	588	3,377	0.181	1,103	165	224	1,231	144	60	272	59	1,561.0	28	 
2015	11760	466	Nevada	-	Opponent Totals	-	-	-	-	-	101	 	 	1,252	511	3,230	0.229	1,167	144	194	1,336	165	53	303	52	1,600.5	28	 
2015	11760	469	New Hampshire	-	Totals	-	-	-	-	-	117	 	 	1,466	580	4,323	0.205	1,359	149	199	1,951	166	47	337	34	1,830.5	20	 
2015	11760	469	New Hampshire	-	Opponent Totals	-	-	-	-	-	117	 	 	1,442	652	4,353	0.181	1,343	166	216	1,994	149	53	298	36	1,810.0	21	 
2015	11760	473	New Mexico	-	Totals	-	-	-	-	-	115	 	 	1,479	593	4,007	0.221	1,376	80	204	1,725	118	67	568	67	1,910.0	25	 
2015	11760	473	New Mexico	-	Opponent Totals	-	-	-	-	-	115	 	 	1,448	776	4,313	0.156	1,354	118	215	1,666	80	41	418	67	1,816.0	45	 
2015	11760	472	New Mexico St.	-	Totals	-	-	-	-	-	103	 	 	1,320	580	3,578	0.207	1,239	133	203	1,510	98	81	364	57	1,716.0	33	 
2015	11760	472	New Mexico St.	-	Opponent Totals	-	-	-	-	-	103	 	 	1,205	670	3,618	0.148	1,103	99	155	1,403	133	63	351	44	1,542.5	30	 
2015	11760	474	New Orleans	-	Totals	-	-	-	-	-	101	 	 	1,001	609	3,358	0.117	924	153	199	1,312	186	46	180	36	1,290.0	24	 
2015	11760	474	New Orleans	-	Opponent Totals	-	-	-	-	-	101	 	 	1,294	468	3,284	0.252	1,184	186	213	1,480	152	48	310	19	1,683.0	16	 
2015	11760	482	Niagara	-	Totals	-	-	-	-	-	123	 	 	1,500	684	4,648	0.176	1,386	194	269	2,018	131	62	351	32	1,931.5	35	 
2015	11760	482	Niagara	-	Opponent Totals	-	-	-	-	-	123	 	 	1,545	673	4,564	0.191	1,455	131	208	2,072	194	65	366	65	1,924.0	32	 
2015	11760	483	Nicholls St.	-	Totals	-	-	-	-	-	107	 	 	1,285	590	4,174	0.167	1,215	139	239	1,871	176	37	254	21	1,588.0	28	 
2015	11760	483	Nicholls St.	-	Opponent Totals	-	-	-	-	-	107	 	 	1,342	559	4,020	0.195	1,258	176	177	1,964	139	45	416	32	1,771.0	27	 
2015	11760	485	Norfolk St.	-	Totals	-	-	-	-	-	83	 	 	945	600	2,766	0.125	891	112	198	975	145	27	141	54	1,154.5	33	 
2015	11760	485	Norfolk St.	-	Opponent Totals	-	-	-	-	-	83	 	 	976	357	2,460	0.252	902	145	166	1,014	112	31	353	56	1,328.5	33	 
2015	11760	457	North Carolina	-	Totals	-	-	-	-	-	110	 	 	1,528	538	3,826	0.259	1,420	171	202	1,622	94	49	599	82	2,047.5	22	 
2015	11760	457	North Carolina	-	Opponent Totals	-	-	-	-	-	110	 	 	1,340	689	3,933	0.166	1,266	94	199	1,524	170	45	353	72	1,655.5	45	 
2015	11760	490	North Carolina St.	-	Totals	-	-	-	-	-	113	 	 	1,453	624	3,830	0.216	1,329	152	239	1,480	143	52	401	46	1,857.5	45	 
2015	11760	490	North Carolina St.	-	Opponent Totals	-	-	-	-	-	113	 	 	1,352	598	3,690	0.204	1,269	143	200	1,504	152	58	427	58	1,766.5	47	 
2015	11760	494	North Dakota	-	Totals	-	-	-	-	-	127	 	 	1,612	560	4,635	0.227	1,532	150	159	2,195	137	91	503	45	2,104.5	10	 
2015	11760	494	North Dakota	-	Opponent Totals	-	-	-	-	-	127	 	 	1,668	838	5,128	0.162	1,573	137	224	2,193	150	53	302	57	2,009.0	27	 
2015	11760	493	North Dakota St.	-	Totals	-	-	-	-	-	122	 	 	1,524	671	4,430	0.193	1,425	156	156	1,937	151	91	296	34	1,919.0	29	 
2015	11760	493	North Dakota St.	-	Opponent Totals	-	-	-	-	-	122	 	 	1,632	646	4,438	0.222	1,517	151	204	2,009	156	79	284	56	2,004.0	27	 
2015	11760	2711	North Florida	-	Totals	-	-	-	-	-	119	 	 	1,459	652	4,270	0.189	1,355	158	238	1,825	165	41	401	41	1,858.5	35	 
2015	11760	2711	North Florida	-	Opponent Totals	-	-	-	-	-	119	 	 	1,458	657	4,229	0.189	1,352	165	216	1,850	158	52	343	48	1,846.5	28	 
2015	11760	497	North Texas	-	Totals	-	-	-	-	-	119	 	 	1,643	644	4,236	0.236	1,521	181	252	1,757	101	58	320	82	2,042.0	39	 
2015	11760	497	North Texas	-	Opponent Totals	-	-	-	-	-	119	 	 	1,389	633	4,016	0.188	1,285	101	184	1,683	181	48	363	67	1,719.5	43	 
2015	11760	500	Northeastern	-	Totals	-	-	-	-	-	116	 	 	1,404	676	4,324	0.168	1,320	120	194	1,854	127	42	386	43	1,759.0	46	 
2015	11760	500	Northeastern	-	Opponent Totals	-	-	-	-	-	116	 	 	1,508	639	4,331	0.201	1,417	127	232	1,898	120	39	384	60	1,866.0	40	 
2015	11760	501	Northern Ariz.	-	Totals	-	-	-	-	-	102	 	 	1,378	447	3,780	0.246	1,306	144	192	1,720	95	85	433	38	1,823.5	20	 
2015	11760	501	Northern Ariz.	-	Opponent Totals	-	-	-	-	-	102	 	 	1,269	689	3,935	0.147	1,208	95	150	1,698	144	38	308	57	1,556.0	28	 
2015	11760	502	Northern Colo.	-	Totals	-	-	-	-	-	121	 	 	1,662	674	4,490	0.220	1,539	138	223	1,884	123	42	438	34	2,061.0	20	 
2015	11760	502	Northern Colo.	-	Opponent Totals	-	-	-	-	-	121	 	 	1,514	708	4,447	0.181	1,412	123	189	1,807	138	74	385	54	1,903.5	13	 
2015	11760	503	Northern Ill.	-	Totals	-	-	-	-	-	120	 	 	1,590	609	4,177	0.235	1,458	181	235	1,721	121	81	357	77	2,030.5	27	 
2015	11760	503	Northern Ill.	-	Opponent Totals	-	-	-	-	-	120	 	 	1,485	639	4,089	0.207	1,394	121	241	1,718	180	68	292	74	1,820.0	33	 
2015	11760	505	Northern Ky.	-	Totals	-	-	-	-	-	115	 	 	1,483	559	4,138	0.223	1,394	134	157	1,818	149	46	309	43	1,817.5	17	 
2015	11760	505	Northern Ky.	-	Opponent Totals	-	-	-	-	-	115	 	 	1,499	672	4,281	0.193	1,404	149	203	1,796	132	38	353	75	1,862.5	40	 
2015	11760	509	Northwestern	-	Totals	-	-	-	-	-	116	 	 	1,512	611	3,976	0.227	1,420	124	220	1,658	142	61	404	40	1,899.0	26	 
2015	11760	509	Northwestern	-	Opponent Totals	-	-	-	-	-	116	 	 	1,441	615	4,038	0.205	1,330	144	185	1,569	124	54	431	50	1,854.5	31	 
2015	11760	508	Northwestern St.	-	Totals	-	-	-	-	-	128	 	 	1,478	731	4,832	0.155	1,377	168	196	2,199	147	82	485	32	1,970.5	38	 
2015	11760	508	Northwestern St.	-	Opponent Totals	-	-	-	-	-	128	 	 	1,585	859	4,931	0.147	1,488	147	202	2,332	168	42	375	39	1,961.5	41	 
2015	11760	513	Notre Dame	-	Totals	-	-	-	-	-	109	 	 	1,290	608	3,678	0.185	1,200	118	227	1,424	163	69	337	37	1,645.5	54	 
2015	11760	513	Notre Dame	-	Opponent Totals	-	-	-	-	-	109	 	 	1,439	555	3,642	0.243	1,311	163	210	1,528	118	56	397	43	1,856.5	26	 
2015	11760	514	Oakland	-	Totals	-	-	-	-	-	120	 	 	1,580	652	4,280	0.217	1,477	180	231	1,748	120	51	434	78	2,028.0	35	 
2015	11760	514	Oakland	-	Opponent Totals	-	-	-	-	-	120	 	 	1,487	630	4,172	0.205	1,388	120	220	1,769	180	59	334	43	1,833.0	46	 
2015	11760	519	Ohio	-	Totals	-	-	-	-	-	103	 	 	1,444	507	3,862	0.243	1,311	172	254	1,742	77	59	354	53	1,852.0	25	 
2015	11760	519	Ohio	-	Opponent Totals	-	-	-	-	-	103	 	 	1,132	573	3,670	0.152	1,077	77	173	1,687	172	70	222	29	1,390.0	34	 
2015	11760	518	Ohio St.	-	Totals	-	-	-	-	-	136	 	 	1,834	786	4,619	0.227	1,733	153	302	1,846	150	69	483	70	2,297.5	23	 
2015	11760	518	Ohio St.	-	Opponent Totals	-	-	-	-	-	136	 	 	1,551	703	4,433	0.191	1,461	150	260	1,712	153	52	517	59	2,011.5	46	 
2015	11760	522	Oklahoma	-	Totals	-	-	-	-	-	120	 	 	1,598	569	3,969	0.259	1,453	157	291	1,601	130	44	376	40	1,987.0	18	 
2015	11760	522	Oklahoma	-	Opponent Totals	-	-	-	-	-	120	 	 	1,512	598	4,017	0.228	1,414	130	274	1,576	157	54	475	43	1,933.5	35	 
2015	11760	433	Ole Miss	-	Totals	-	-	-	-	-	117	 	 	1,612	609	3,956	0.254	1,506	138	180	1,619	105	67	342	73	1,988.0	20	 
2015	11760	433	Ole Miss	-	Opponent Totals	-	-	-	-	-	117	 	 	1,511	620	4,004	0.223	1,440	104	213	1,531	138	45	371	50	1,845.5	50	 
2015	11760	464	Omaha	-	Totals	-	-	-	-	-	125	 	 	1,495	644	4,336	0.196	1,391	156	247	1,904	162	35	515	64	1,943.5	74	 
2015	11760	464	Omaha	-	Opponent Totals	-	-	-	-	-	125	 	 	1,534	721	4,421	0.184	1,430	162	219	1,957	156	39	319	70	1,894.5	58	 
2015	11760	527	Oral Roberts	-	Totals	-	-	-	-	-	120	 	 	1,592	663	4,018	0.231	1,501	184	317	1,574	145	27	284	46	1,945.0	66	 
2015	11760	527	Oral Roberts	-	Opponent Totals	-	-	-	-	-	120	 	 	1,451	542	3,762	0.242	1,344	145	216	1,540	184	48	415	65	1,851.5	38	 
2015	11760	529	Oregon	-	Totals	-	-	-	-	-	125	 	 	1,818	652	4,548	0.256	1,712	133	189	1,997	117	52	424	69	2,215.0	46	 
2015	11760	529	Oregon	-	Opponent Totals	-	-	-	-	-	125	 	 	1,574	668	4,585	0.198	1,479	117	213	1,776	133	67	493	95	2,004.5	16	 
2015	11760	528	Oregon St.	-	Totals	-	-	-	-	-	132	 	 	1,707	579	5,023	0.225	1,597	161	205	2,218	141	57	561	89	2,205.5	12	 
2015	11760	528	Oregon St.	-	Opponent Totals	-	-	-	-	-	132	 	 	1,889	771	5,178	0.216	1,790	141	223	2,413	161	44	383	57	2,265.5	31	 
2015	11760	534	Pacific	-	Totals	-	-	-	-	-	112	 	 	1,543	550	3,981	0.249	1,449	150	247	1,794	91	67	450	33	1,985.0	33	 
2015	11760	534	Pacific	-	Opponent Totals	-	-	-	-	-	112	 	 	1,237	652	4,026	0.145	1,162	91	177	1,610	149	82	406	67	1,613.0	27	 
2015	11760	540	Penn	-	Totals	-	-	-	-	-	90	 	 	1,084	458	3,366	0.186	1,010	91	113	1,522	145	18	288	33	1,337.0	35	 
2015	11760	540	Penn	-	Opponent Totals	-	-	-	-	-	90	 	 	1,267	438	3,426	0.242	1,193	145	168	1,590	91	33	274	35	1,582.0	27	 
2015	11760	539	Penn St.	-	Totals	-	-	-	-	-	127	 	 	1,867	498	4,006	0.342	1,703	243	290	1,626	61	73	535	53	2,450.5	17	 
2015	11760	539	Penn St.	-	Opponent Totals	-	-	-	-	-	127	 	 	1,310	733	3,940	0.146	1,244	61	241	1,394	243	22	347	62	1,566.5	29	 
2015	11760	541	Pepperdine	-	Totals	-	-	-	-	-	111	 	 	1,448	532	4,019	0.228	1,367	174	262	1,593	159	36	371	60	1,843.5	17	 
2015	11760	541	Pepperdine	-	Opponent Totals	-	-	-	-	-	111	 	 	1,479	531	3,889	0.244	1,403	159	196	1,752	174	52	388	57	1,884.0	25	 
2015	11760	545	Pittsburgh	-	Totals	-	-	-	-	-	110	 	 	1,575	642	3,946	0.236	1,497	191	170	1,617	135	50	388	32	2,010.0	49	 
2015	11760	545	Pittsburgh	-	Opponent Totals	-	-	-	-	-	110	 	 	1,162	561	3,610	0.166	1,096	135	159	1,368	191	64	519	54	1,620.5	49	 
2015	11760	551	Portland	-	Totals	-	-	-	-	-	113	 	 	1,354	570	4,141	0.189	1,294	164	204	1,737	160	33	351	71	1,726.5	15	 
2015	11760	551	Portland	-	Opponent Totals	-	-	-	-	-	113	 	 	1,587	555	4,141	0.249	1,494	160	190	1,849	164	54	389	54	1,995.5	22	 
2015	11760	550	Portland St.	-	Totals	-	-	-	-	-	98	 	 	1,204	584	3,613	0.172	1,135	131	188	1,477	131	33	344	25	1,540.0	6	 
2015	11760	550	Portland St.	-	Opponent Totals	-	-	-	-	-	98	 	 	1,256	537	3,548	0.203	1,189	131	193	1,554	131	47	392	41	1,630.0	17	 
2015	11760	553	Prairie View	-	Totals	-	-	-	-	-	97	 	 	1,084	615	3,368	0.139	1,010	134	151	1,364	165	23	212	30	1,347.0	49	 
2015	11760	553	Prairie View	-	Opponent Totals	-	-	-	-	-	97	 	 	1,196	501	3,226	0.215	1,102	166	206	1,435	134	54	408	59	1,620.0	42	 
2015	11760	1320	Presbyterian	-	Totals	-	-	-	-	-	105	 	 	1,228	681	3,919	0.140	1,148	131	194	1,637	143	54	282	37	1,554.0	20	 
2015	11760	1320	Presbyterian	-	Opponent Totals	-	-	-	-	-	105	 	 	1,280	574	3,727	0.189	1,218	143	197	1,715	130	88	336	64	1,679.0	27	 
2015	11760	554	Princeton	-	Totals	-	-	-	-	-	93	 	 	1,259	472	3,581	0.220	1,197	119	131	1,628	100	36	236	31	1,532.0	35	 
2015	11760	554	Princeton	-	Opponent Totals	-	-	-	-	-	93	 	 	1,178	473	3,465	0.203	1,095	100	144	1,624	119	40	248	51	1,442.0	40	 
2015	11760	556	Providence	-	Totals	-	-	-	-	-	110	 	 	1,202	727	4,077	0.117	1,115	107	128	1,645	141	21	268	66	1,464.0	28	 
2015	11760	556	Providence	-	Opponent Totals	-	-	-	-	-	110	 	 	1,528	488	3,902	0.267	1,431	141	197	1,800	107	66	364	61	1,917.0	29	 
2015	11760	559	Purdue	-	Totals	-	-	-	-	-	114	 	 	1,629	618	3,930	0.257	1,508	117	212	1,612	104	68	410	86	2,019.0	37	 
2015	11760	559	Purdue	-	Opponent Totals	-	-	-	-	-	114	 	 	1,350	637	3,853	0.185	1,273	104	205	1,426	117	32	420	51	1,696.0	30	 
2015	11760	562	Quinnipiac	-	Totals	-	-	-	-	-	115	 	 	1,112	689	3,560	0.119	1,037	155	287	1,265	212	63	389	78	1,524.5	48	 
2015	11760	562	Quinnipiac	-	Opponent Totals	-	-	-	-	-	115	 	 	1,441	575	3,535	0.245	1,350	212	289	1,553	155	45	301	40	1,848.5	40	 
2015	11760	563	Radford	-	Totals	-	-	-	-	-	124	 	 	1,611	627	4,488	0.219	1,493	152	221	1,991	135	51	347	52	1,987.5	46	 
2015	11760	563	Radford	-	Opponent Totals	-	-	-	-	-	124	 	 	1,488	716	4,497	0.172	1,390	135	210	2,000	152	84	295	56	1,854.5	46	 
2015	11760	572	Rhode Island	-	Totals	-	-	-	-	-	103	 	 	1,334	556	3,608	0.216	1,234	152	204	1,563	132	29	411	42	1,720.5	29	 
2015	11760	572	Rhode Island	-	Opponent Totals	-	-	-	-	-	103	 	 	1,192	578	3,648	0.168	1,108	132	191	1,438	151	59	386	53	1,576.0	41	 
2015	11760	574	Rice	-	Totals	-	-	-	-	-	120	 	 	1,734	612	4,264	0.263	1,628	110	166	1,915	107	69	396	46	2,111.0	32	 
2015	11760	574	Rice	-	Opponent Totals	-	-	-	-	-	120	 	 	1,492	708	4,416	0.178	1,381	107	187	1,666	109	52	317	66	1,809.5	27	 
2015	11760	576	Rider	-	Totals	-	-	-	-	-	127	 	 	1,542	646	4,649	0.193	1,427	155	215	2,030	203	34	378	74	1,920.0	66	 
2015	11760	576	Rider	-	Opponent Totals	-	-	-	-	-	127	 	 	1,659	643	4,766	0.213	1,542	203	286	2,115	155	51	317	65	2,071.5	50	 
2015	11760	579	Robert Morris	-	Totals	-	-	-	-	-	119	 	 	1,328	635	4,155	0.167	1,241	115	100	1,922	114	54	465	51	1,729.5	37	 
2015	11760	579	Robert Morris	-	Opponent Totals	-	-	-	-	-	119	 	 	1,670	751	4,678	0.196	1,529	114	189	1,878	115	32	390	57	2,011.0	35	 
2015	11760	587	Rutgers	-	Totals	-	-	-	-	-	114	 	 	1,190	660	3,744	0.142	1,105	125	210	1,438	185	28	404	33	1,545.0	60	 
2015	11760	587	Rutgers	-	Opponent Totals	-	-	-	-	-	114	 	 	1,501	579	3,777	0.244	1,383	185	190	1,607	125	60	361	66	1,926.5	44	 
2015	11760	660	SIUE	-	Totals	-	-	-	-	-	122	 	 	1,469	727	4,209	0.176	1,366	199	252	1,726	150	49	294	71	1,864.0	34	 
2015	11760	660	SIUE	-	Opponent Totals	-	-	-	-	-	122	 	 	1,474	589	4,038	0.219	1,376	151	219	1,764	199	56	285	41	1,823.5	34	 
2015	11760	663	SMU	-	Totals	-	-	-	-	-	122	 	 	1,679	663	4,582	0.222	1,585	172	262	2,049	82	34	502	42	2,136.0	29	 
2015	11760	663	SMU	-	Opponent Totals	-	-	-	-	-	122	 	 	1,369	696	4,417	0.152	1,298	82	200	1,959	172	66	404	77	1,719.0	41	 
2015	11760	102	Sacramento St.	-	Totals	-	-	-	-	-	120	 	 	1,403	682	4,254	0.169	1,320	164	259	1,674	200	43	445	52	1,832.5	30	 
2015	11760	102	Sacramento St.	-	Opponent Totals	-	-	-	-	-	120	 	 	1,510	659	4,121	0.207	1,419	200	214	1,841	164	46	490	45	2,001.0	33	 
2015	11760	590	Sacred Heart	-	Totals	-	-	-	-	-	107	 	 	1,353	749	3,974	0.152	1,281	186	273	1,523	132	26	235	70	1,682.5	53	 
2015	11760	590	Sacred Heart	-	Opponent Totals	-	-	-	-	-	107	 	 	1,143	439	3,324	0.212	1,069	133	139	1,523	186	39	609	47	1,619.5	41	 
2015	11760	600	Saint Francis (PA)	-	Totals	-	-	-	-	-	110	 	 	1,329	700	3,997	0.157	1,252	136	172	1,749	161	19	350	46	1,659.0	42	 
2015	11760	600	Saint Francis (PA)	-	Opponent Totals	-	-	-	-	-	110	 	 	1,353	601	4,007	0.188	1,253	161	189	1,759	136	41	423	52	1,766.5	54	 
2015	11760	609	Saint Louis	-	Totals	-	-	-	-	-	119	 	 	1,627	638	4,130	0.239	1,509	194	284	1,759	118	24	410	64	2,050.0	23	 
2015	11760	609	Saint Louis	-	Opponent Totals	-	-	-	-	-	119	 	 	1,374	580	3,943	0.201	1,274	118	225	1,626	194	61	438	52	1,772.0	46	 
2015	11760	617	Saint Peter's	-	Totals	-	-	-	-	-	108	 	 	1,157	722	3,853	0.113	1,091	139	206	1,531	172	41	170	54	1,422.0	34	 
2015	11760	617	Saint Peter's	-	Opponent Totals	-	-	-	-	-	108	 	 	1,353	533	3,629	0.226	1,254	172	192	1,663	139	57	393	47	1,778.5	40	 
2015	11760	624	Sam Houston St.	-	Totals	-	-	-	-	-	113	 	 	1,480	758	4,212	0.171	1,384	172	222	1,904	124	25	242	35	1,798.0	18	 
2015	11760	624	Sam Houston St.	-	Opponent Totals	-	-	-	-	-	113	 	 	1,230	549	3,944	0.173	1,161	124	229	1,759	172	55	451	50	1,634.5	20	 
2015	11760	625	Samford	-	Totals	-	-	-	-	-	118	 	 	1,543	654	3,905	0.228	1,434	203	324	1,507	125	56	290	97	1,947.0	35	 
2015	11760	625	Samford	-	Opponent Totals	-	-	-	-	-	118	 	 	1,342	538	3,608	7.146	1,240	125	265	1,450	203	83	338	57	1,719.0	41	 
2015	11760	627	San Diego	-	Totals	-	-	-	-	-	111	 	 	1,580	662	4,038	0.227	1,499	128	135	1,679	141	77	343	61	1,956.5	27	 
2015	11760	627	San Diego	-	Opponent Totals	-	-	-	-	-	111	 	 	1,372	544	3,864	0.214	1,290	141	213	1,449	128	44	485	69	1,799.5	28	 
2015	11760	626	San Diego St.	-	Totals	-	-	-	-	-	105	 	 	1,321	645	3,730	0.181	1,218	147	232	1,574	86	24	388	57	1,686.0	41	 
2015	11760	626	San Diego St.	-	Opponent Totals	-	-	-	-	-	105	 	 	1,226	509	3,558	0.202	1,142	86	221	1,492	147	59	335	66	1,538.5	24	 
2015	11760	629	San Francisco	-	Totals	-	-	-	-	-	116	 	 	1,509	694	4,149	0.196	1,413	142	159	1,784	126	60	368	55	1,895.0	23	 
2015	11760	629	San Francisco	-	Opponent Totals	-	-	-	-	-	116	 	 	1,541	591	4,242	0.224	1,444	126	238	1,668	142	41	575	55	1,995.5	23	 
2015	11760	630	San Jose St.	-	Totals	-	-	-	-	-	105	 	 	1,110	693	3,547	0.118	1,042	128	203	1,350	156	57	288	40	1,439.0	36	 
2015	11760	630	San Jose St.	-	Opponent Totals	-	-	-	-	-	105	 	 	1,405	536	3,516	0.247	1,291	156	192	1,441	128	40	436	54	1,819.0	36	 
2015	11760	631	Santa Clara	-	Totals	-	-	-	-	-	114	 	 	1,592	588	3,909	0.257	1,508	203	233	1,557	94	47	350	52	2,017.0	28	 
2015	11760	631	Santa Clara	-	Opponent Totals	-	-	-	-	-	114	 	 	1,373	507	3,683	0.235	1,288	94	163	1,441	203	45	436	51	1,730.0	21	 
2015	11760	632	Savannah St.	-	Totals	-	-	-	-	-	101	 	 	804	701	2,977	0.035	734	149	240	1,069	193	25	166	56	1,061.0	75	 
2015	11760	632	Savannah St.	-	Opponent Totals	-	-	-	-	-	101	 	 	1,129	466	2,851	0.233	1,013	193	231	1,308	149	55	280	41	1,517.0	61	 
2015	11760	1356	Seattle	-	Totals	-	-	-	-	-	113	 	 	1,325	638	3,507	0.196	1,254	148	305	1,296	166	49	480	78	1,762.0	36	 
2015	11760	1356	Seattle	-	Opponent Totals	-	-	-	-	-	113	 	 	1,350	613	3,465	0.213	1,260	166	234	1,354	148	39	342	64	1,726.0	40	 
2015	11760	635	Seton Hall	-	Totals	-	-	-	-	-	132	 	 	1,788	601	4,968	0.239	1,646	110	154	2,354	109	90	608	48	2,292.0	26	 
2015	11760	635	Seton Hall	-	Opponent Totals	-	-	-	-	-	132	 	 	1,736	883	5,376	0.159	1,641	109	221	2,177	110	42	476	61	2,125.0	35	 
2015	11760	639	Siena	-	Totals	-	-	-	-	-	121	 	 	1,462	666	4,290	0.186	1,372	169	164	1,968	148	34	516	51	1,923.0	69	 
2015	11760	639	Siena	-	Opponent Totals	-	-	-	-	-	121	 	 	1,530	738	4,634	0.171	1,423	148	207	1,799	169	52	401	69	1,930.5	40	 
2015	11760	646	South Ala.	-	Totals	-	-	-	-	-	115	 	 	1,466	688	4,139	0.188	1,384	121	192	1,793	136	23	327	41	1,773.5	46	 
2015	11760	646	South Ala.	-	Opponent Totals	-	-	-	-	-	115	 	 	1,463	563	4,069	0.221	1,360	136	226	1,751	121	41	434	50	1,857.0	34	 
2015	11760	648	South Carolina	-	Totals	-	-	-	-	-	123	 	 	1,456	630	4,142	0.199	1,362	101	158	1,832	140	54	462	53	1,842.0	34	 
2015	11760	648	South Carolina	-	Opponent Totals	-	-	-	-	-	123	 	 	1,658	728	4,504	0.206	1,564	140	295	1,805	101	63	342	64	2,032.0	38	 
2015	11760	647	South Carolina St.	-	Totals	-	-	-	-	-	91	 	 	855	604	2,761	0.091	775	79	176	1,070	187	24	254	66	1,085.0	19	 
2015	11760	647	South Carolina St.	-	Opponent Totals	-	-	-	-	-	91	 	 	1,141	468	2,861	0.235	996	184	198	1,115	79	34	240	47	1,479.0	24	 
2015	11760	650	South Dakota	-	Totals	-	-	-	-	-	119	 	 	1,623	632	4,354	0.228	1,541	154	223	1,856	125	52	424	96	2,041.0	45	 
2015	11760	650	South Dakota	-	Opponent Totals	-	-	-	-	-	119	 	 	1,529	624	4,261	0.212	1,463	125	199	1,850	154	58	372	57	1,898.0	42	 
2015	11760	649	South Dakota St.	-	Totals	-	-	-	-	-	117	 	 	1,253	648	4,012	0.151	1,167	96	114	1,794	173	36	336	73	1,553.0	69	 
2015	11760	649	South Dakota St.	-	Opponent Totals	-	-	-	-	-	117	 	 	1,679	626	4,296	0.245	1,576	173	233	1,893	96	49	337	71	2,069.5	42	 
2015	11760	651	South Fla.	-	Totals	-	-	-	-	-	127	 	 	1,540	686	4,442	0.192	1,458	169	238	1,861	147	51	475	82	1,997.5	56	 
2015	11760	651	South Fla.	-	Opponent Totals	-	-	-	-	-	127	 	 	1,622	725	4,486	0.200	1,500	148	241	1,937	169	64	374	58	2,021.0	43	 
2015	11760	654	Southeast Mo. St.	-	Totals	-	-	-	-	-	116	 	 	1,370	564	4,043	0.199	1,275	118	177	1,732	183	102	310	44	1,745.0	45	 
2015	11760	654	Southeast Mo. St.	-	Opponent Totals	-	-	-	-	-	116	 	 	1,545	705	4,292	0.196	1,460	183	179	1,889	118	52	298	35	1,929.0	50	 
2015	11760	655	Southeastern La.	-	Totals	-	-	-	-	-	108	 	 	1,207	602	3,844	0.157	1,131	118	236	1,667	171	28	339	46	1,522.5	27	 
2015	11760	655	Southeastern La.	-	Opponent Totals	-	-	-	-	-	108	 	 	1,337	591	3,865	0.193	1,244	171	188	1,752	118	58	292	43	1,712.0	40	 
2015	11760	657	Southern California	-	Totals	-	-	-	-	-	116	 	 	1,585	517	4,269	0.250	1,462	166	263	1,833	85	73	331	61	1,989.5	38	 
2015	11760	657	Southern California	-	Opponent Totals	-	-	-	-	-	116	 	 	1,568	583	4,253	0.232	1,491	86	209	1,943	166	39	380	67	1,883.0	25	 
2015	11760	659	Southern Ill.	-	Totals	-	-	-	-	-	113	 	 	1,407	577	3,768	0.220	1,314	138	195	1,518	133	24	458	60	1,798.0	28	 
2015	11760	659	Southern Ill.	-	Opponent Totals	-	-	-	-	-	113	 	 	1,483	604	3,843	0.229	1,384	133	236	1,553	138	59	298	33	1,824.0	22	 
2015	11760	664	Southern Miss.	-	Totals	-	-	-	-	-	123	 	 	1,698	820	4,365	0.201	1,602	130	172	1,845	104	75	347	71	2,076.5	36	 
2015	11760	664	Southern Miss.	-	Opponent Totals	-	-	-	-	-	123	 	 	1,355	646	4,137	0.171	1,255	104	186	1,538	128	88	442	79	1,768.0	42	 
2015	11760	665	Southern U.	-	Totals	-	-	-	-	-	98	 	 	1,043	626	3,291	0.127	912	114	200	1,404	136	66	227	73	1,336.5	41	 
2015	11760	665	Southern U.	-	Opponent Totals	-	-	-	-	-	98	 	 	1,052	548	3,229	0.156	977	136	199	1,383	114	54	171	71	1,327.5	45	 
2015	11760	667	Southern Utah	-	Totals	-	-	-	-	-	110	 	 	1,373	591	4,007	0.195	1,296	161	290	1,822	123	59	374	56	1,780.0	15	 
2015	11760	667	Southern Utah	-	Opponent Totals	-	-	-	-	-	110	 	 	1,323	621	4,024	0.174	1,240	123	182	1,779	161	57	358	31	1,682.0	35	 
2015	11760	599	St. Francis Brooklyn	-	Totals	-	-	-	-	-	104	 	 	981	572	3,302	0.124	911	128	196	1,351	231	28	246	32	1,260.0	45	 
2015	11760	599	St. Francis Brooklyn	-	Opponent Totals	-	-	-	-	-	104	 	 	1,365	466	3,373	0.267	1,260	231	230	1,569	128	35	332	50	1,797.0	43	 
2015	11760	603	St. John's (NY)	-	Totals	-	-	-	-	-	122	 	 	1,641	658	4,197	0.234	1,546	172	187	1,715	163	55	418	67	2,077.0	50	 
2015	11760	603	St. John's (NY)	-	Opponent Totals	-	-	-	-	-	122	 	 	1,403	630	4,074	0.190	1,316	164	218	1,576	172	67	440	48	1,854.0	42	 
2015	11760	610	St. Mary's (CA)	-	Totals	-	-	-	-	-	107	 	 	1,288	563	3,906	0.186	1,219	125	223	1,535	162	56	474	66	1,706.0	24	 
2015	11760	610	St. Mary's (CA)	-	Opponent Totals	-	-	-	-	-	107	 	 	1,474	598	3,895	0.225	1,355	162	166	1,736	125	41	377	49	1,865.5	25	 
2015	11760	674	Stanford	-	Totals	-	-	-	-	-	128	 	 	1,884	476	4,501	0.313	1,765	138	207	2,088	111	68	534	66	2,357.0	26	 
2015	11760	674	Stanford	-	Opponent Totals	-	-	-	-	-	128	 	 	1,688	792	4,941	0.181	1,578	111	186	1,919	138	53	309	66	2,006.5	22	 
2015	11760	676	Stephen F. Austin	-	Totals	-	-	-	-	-	104	 	 	1,402	535	3,752	0.231	1,333	125	99	1,682	97	55	384	52	1,774.0	28	 
2015	11760	676	Stephen F. Austin	-	Opponent Totals	-	-	-	-	-	104	 	 	1,314	606	3,901	0.181	1,257	97	202	1,565	124	36	283	50	1,588.5	35	 
2015	11760	678	Stetson	-	Totals	-	-	-	-	-	110	 	 	1,353	669	4,079	0.168	1,268	177	213	1,629	151	38	360	59	1,748.0	31	 
2015	11760	678	Stetson	-	Opponent Totals	-	-	-	-	-	110	 	 	1,348	624	3,905	0.185	1,268	152	219	1,767	176	51	368	60	1,735.0	44	 
2015	11760	683	Stony Brook	-	Totals	-	-	-	-	-	114	 	 	1,414	622	4,018	0.197	1,324	166	235	1,743	154	24	392	36	1,800.0	15	 
2015	11760	683	Stony Brook	-	Opponent Totals	-	-	-	-	-	114	 	 	1,380	634	4,037	0.185	1,277	154	222	1,713	166	48	306	44	1,735.0	26	 
2015	11760	688	Syracuse	-	Totals	-	-	-	-	-	109	 	 	1,194	517	3,540	0.191	1,118	111	185	1,452	184	42	519	57	1,606.5	14	 
2015	11760	688	Syracuse	-	Opponent Totals	-	-	-	-	-	109	 	 	1,531	651	3,934	0.224	1,437	184	236	1,661	111	39	321	18	1,914.5	19	 
2015	11760	698	TCU	-	Totals	-	-	-	-	-	119	 	 	1,542	530	4,113	0.246	1,450	155	200	1,704	137	62	417	73	1,967.5	36	 
2015	11760	698	TCU	-	Opponent Totals	-	-	-	-	-	119	 	 	1,601	643	4,214	0.227	1,496	137	191	1,780	155	31	371	80	1,954.5	40	 
2015	11760	690	Temple	-	Totals	-	-	-	-	-	116	 	 	1,590	527	4,365	0.244	1,490	139	163	1,971	124	29	415	47	1,965.5	22	 
2015	11760	690	Temple	-	Opponent Totals	-	-	-	-	-	116	 	 	1,478	655	4,454	0.185	1,387	124	213	1,924	139	48	304	47	1,802.0	44	 
2015	11760	694	Tennessee	-	Totals	-	-	-	-	-	113	 	 	1,265	593	3,889	0.173	1,173	88	219	1,589	178	39	407	57	1,595.5	26	 
2015	11760	694	Tennessee	-	Opponent Totals	-	-	-	-	-	113	 	 	1,507	598	3,978	0.229	1,379	178	216	1,740	88	60	390	50	1,940.0	30	 
2015	11760	691	Tennessee St.	-	Totals	-	-	-	-	-	114	 	 	1,383	719	4,122	0.161	1,308	124	214	1,685	138	18	262	44	1,656.0	38	 
2015	11760	691	Tennessee St.	-	Opponent Totals	-	-	-	-	-	114	 	 	1,458	565	3,978	0.224	1,368	138	228	1,756	124	41	422	50	1,848.0	32	 
2015	11760	692	Tennessee Tech	-	Totals	-	-	-	-	-	122	 	 	1,366	676	4,284	0.161	1,299	161	250	1,912	178	36	405	65	1,765.5	25	 
2015	11760	692	Tennessee Tech	-	Opponent Totals	-	-	-	-	-	122	 	 	1,535	664	4,382	0.199	1,413	178	228	1,935	161	60	309	37	1,927.5	30	 
2015	11760	703	Texas	-	Totals	-	-	-	-	-	105	 	 	1,426	447	3,485	0.281	1,324	135	193	1,516	89	34	567	61	1,878.5	27	 
2015	11760	703	Texas	-	Opponent Totals	-	-	-	-	-	105	 	 	1,219	653	3,671	0.154	1,153	89	236	1,413	135	34	310	68	1,497.0	38	 
2015	11760	697	Texas A&M	-	Totals	-	-	-	-	-	113	 	 	1,509	479	3,870	0.266	1,395	102	162	1,655	139	44	422	58	1,866.0	27	 
2015	11760	697	Texas A&M	-	Opponent Totals	-	-	-	-	-	113	 	 	1,460	656	4,058	0.198	1,350	139	181	1,647	102	50	291	67	1,794.5	29	 
2015	11760	699	Texas Southern	-	Totals	-	-	-	-	-	104	 	 	1,167	617	3,390	0.162	1,056	97	193	1,419	150	47	208	46	1,415.0	35	 
2015	11760	699	Texas Southern	-	Opponent Totals	-	-	-	-	-	104	 	 	1,213	608	3,445	0.176	1,102	150	187	1,404	112	55	270	35	1,553.0	23	 
2015	11760	670	Texas St.	-	Totals	-	-	-	-	-	132	 	 	1,808	792	5,212	0.195	1,719	169	284	2,219	110	24	464	46	2,233.0	51	 
2015	11760	670	Texas St.	-	Opponent Totals	-	-	-	-	-	132	 	 	1,580	713	4,828	0.180	1,493	110	203	2,173	169	59	528	65	2,013.0	47	 
2015	11760	700	Texas Tech	-	Totals	-	-	-	-	-	105	 	 	1,392	623	3,947	0.195	1,317	110	159	1,738	92	48	397	48	1,748.5	16	 
2015	11760	700	Texas Tech	-	Opponent Totals	-	-	-	-	-	105	 	 	1,369	593	3,964	0.196	1,290	92	155	1,688	110	42	366	45	1,686.0	47	 
2015	11760	702	Texas-Arlington	-	Totals	-	-	-	-	-	125	 	 	1,661	635	4,694	0.219	1,547	104	133	2,270	111	14	587	39	2,072.5	41	 
2015	11760	702	Texas-Arlington	-	Opponent Totals	-	-	-	-	-	125	 	 	1,617	805	5,071	0.160	1,512	111	214	2,116	105	45	326	49	1,936.0	53	 
2015	11760	709	Toledo	-	Totals	-	-	-	-	-	100	 	 	1,129	653	3,608	0.132	1,041	92	155	1,533	115	63	221	40	1,394.5	45	 
2015	11760	709	Toledo	-	Opponent Totals	-	-	-	-	-	100	 	 	1,392	464	3,578	0.259	1,267	115	224	1,579	92	56	337	40	1,731.5	28	 
2015	11760	711	Towson	-	Totals	-	-	-	-	-	117	 	 	1,642	581	3,932	0.270	1,535	174	257	1,712	110	49	397	44	2,063.5	42	 
2015	11760	711	Towson	-	Opponent Totals	-	-	-	-	-	117	 	 	1,235	689	3,909	0.140	1,142	110	181	1,433	174	50	357	63	1,573.5	53	 
2015	11760	716	Troy	-	Totals	-	-	-	-	-	124	 	 	1,501	668	4,458	0.187	1,392	119	195	1,916	151	61	373	58	1,867.5	29	 
2015	11760	716	Troy	-	Opponent Totals	-	-	-	-	-	124	 	 	1,648	710	4,554	0.206	1,545	152	239	2,006	119	50	404	65	2,052.0	42	 
2015	11760	718	Tulane	-	Totals	-	-	-	-	-	115	 	 	1,273	687	3,964	0.148	1,197	105	220	1,658	154	50	397	42	1,626.5	55	 
2015	11760	718	Tulane	-	Opponent Totals	-	-	-	-	-	115	 	 	1,488	570	3,979	0.231	1,392	154	212	1,789	105	47	445	80	1,911.5	26	 
2015	11760	719	Tulsa	-	Totals	-	-	-	-	-	117	 	 	1,495	651	4,259	0.198	1,410	184	224	1,962	126	62	306	39	1,894.0	25	 
2015	11760	719	Tulsa	-	Opponent Totals	-	-	-	-	-	117	 	 	1,440	660	4,337	0.180	1,325	126	226	1,824	183	32	486	54	1,841.0	66	 
2015	11760	9	UAB	-	Totals	-	-	-	-	-	116	 	 	1,359	628	3,782	0.193	1,249	105	248	1,392	166	57	401	56	1,721.5	33	 
2015	11760	9	UAB	-	Opponent Totals	-	-	-	-	-	116	 	 	1,525	637	3,871	0.229	1,415	168	214	1,523	103	64	314	37	1,914.0	16	 
2015	11760	108	UC Davis	-	Totals	-	-	-	-	-	107	 	 	1,302	589	3,748	0.190	1,236	169	219	1,533	119	31	480	76	1,742.0	21	 
2015	11760	108	UC Davis	-	Opponent Totals	-	-	-	-	-	107	 	 	1,320	574	3,722	0.200	1,256	119	217	1,604	169	34	371	47	1,658.5	18	 
2015	11760	109	UC Irvine	-	Totals	-	-	-	-	-	116	 	 	1,594	586	4,282	0.235	1,490	161	264	1,884	119	53	318	42	1,967.0	29	 
2015	11760	109	UC Irvine	-	Opponent Totals	-	-	-	-	-	116	 	 	1,402	605	4,162	0.191	1,295	119	215	1,829	161	44	431	61	1,780.5	25	 
2015	11760	111	UC Riverside	-	Totals	-	-	-	-	-	101	 	 	1,144	688	3,671	0.124	1,092	100	183	1,506	130	31	248	44	1,399.0	51	 
2015	11760	111	UC Riverside	-	Opponent Totals	-	-	-	-	-	101	 	 	1,288	438	3,428	0.248	1,225	130	175	1,528	100	53	477	61	1,709.5	26	 
2015	11760	104	UC Santa Barbara	-	Totals	-	-	-	-	-	98	 	 	1,240	529	3,452	0.206	1,170	136	211	1,382	126	40	328	31	1,580.0	21	 
2015	11760	104	UC Santa Barbara	-	Opponent Totals	-	-	-	-	-	98	 	 	1,258	512	3,395	0.220	1,165	126	182	1,419	136	56	324	41	1,602.0	12	 
2015	11760	128	UCF	-	Totals	-	-	-	-	-	123	 	 	1,771	564	4,140	0.292	1,677	112	162	1,873	123	77	377	60	2,148.5	46	 
2015	11760	128	UCF	-	Opponent Totals	-	-	-	-	-	123	 	 	1,520	686	4,331	0.193	1,422	124	194	1,538	111	36	368	61	1,864.0	40	 
2015	11760	110	UCLA	-	Totals	-	-	-	-	-	121	 	 	1,827	696	4,287	0.264	1,725	128	219	1,702	123	53	382	71	2,199.0	27	 
2015	11760	110	UCLA	-	Opponent Totals	-	-	-	-	-	121	 	 	1,484	582	4,024	0.224	1,392	123	191	1,448	127	72	534	65	1,946.0	17	 
2015	11760	164	UConn	-	Totals	-	-	-	-	-	126	 	 	1,558	758	4,838	0.165	1,429	146	237	2,050	152	38	354	57	1,919.0	42	 
2015	11760	164	UConn	-	Opponent Totals	-	-	-	-	-	126	 	 	1,556	648	4,513	0.201	1,464	152	237	2,171	146	50	520	45	2,018.0	51	 
2015	11760	391	UMBC	-	Totals	-	-	-	-	-	87	 	 	975	502	2,931	0.161	905	135	195	1,176	116	35	245	28	1,267.5	72	 
2015	11760	391	UMBC	-	Opponent Totals	-	-	-	-	-	87	 	 	1,009	448	2,824	0.199	941	116	154	1,295	135	37	272	40	1,298.0	38	 
2015	11760	393	UMES	-	Totals	-	-	-	-	-	105	 	 	1,163	556	3,356	0.181	1,050	142	254	1,334	186	39	328	50	1,508.0	68	 
2015	11760	393	UMES	-	Opponent Totals	-	-	-	-	-	105	 	 	1,224	574	3,356	0.194	1,110	186	245	1,468	142	48	346	48	1,631.0	50	 
2015	11760	2707	UMKC	-	Totals	-	-	-	-	-	121	 	 	1,615	605	4,492	0.225	1,498	155	233	2,096	92	54	513	76	2,080.5	31	 
2015	11760	2707	UMKC	-	Opponent Totals	-	-	-	-	-	121	 	 	1,411	708	4,514	0.156	1,338	92	204	1,977	155	53	373	70	1,742.5	46	 
2015	11760	368	UMass Lowell	-	Totals	-	-	-	-	-	112	 	 	1,094	709	3,862	0.100	1,016	110	236	1,552	196	48	220	46	1,362.0	51	 
2015	11760	368	UMass Lowell	-	Opponent Totals	-	-	-	-	-	112	 	 	1,438	519	3,736	0.246	1,325	196	235	1,763	110	44	395	56	1,875.5	41	 
2015	11760	456	UNC Asheville	-	Totals	-	-	-	-	-	111	 	 	1,210	539	3,701	0.181	1,134	128	201	1,519	174	38	402	69	1,577.0	31	 
2015	11760	456	UNC Asheville	-	Opponent Totals	-	-	-	-	-	111	 	 	1,551	663	4,056	0.219	1,442	174	211	1,708	127	49	305	48	1,926.5	36	 
2015	11760	459	UNCG	-	Totals	-	-	-	-	-	112	 	 	1,493	632	4,026	0.214	1,409	150	205	1,853	146	63	307	48	1,859.5	26	 
2015	11760	459	UNCG	-	Opponent Totals	-	-	-	-	-	112	 	 	1,315	555	3,980	0.191	1,236	146	259	1,643	150	67	316	76	1,686.0	52	 
2015	11760	460	UNCW	-	Totals	-	-	-	-	-	116	 	 	1,428	587	4,159	0.202	1,327	144	174	1,789	83	42	593	48	1,910.5	49	 
2015	11760	460	UNCW	-	Opponent Totals	-	-	-	-	-	116	 	 	1,466	752	4,411	0.162	1,378	83	219	1,888	144	58	311	54	1,762.5	49	 
2015	11760	504	UNI	-	Totals	-	-	-	-	-	122	 	 	1,655	642	4,674	0.217	1,524	140	128	2,170	123	80	380	49	2,065.0	19	 
2015	11760	504	UNI	-	Opponent Totals	-	-	-	-	-	122	 	 	1,615	681	4,800	0.195	1,500	123	203	2,093	140	55	342	78	1,964.0	44	 
2015	11760	465	UNLV	-	Totals	-	-	-	-	-	116	 	 	1,526	523	4,086	0.245	1,409	128	173	1,754	127	66	584	56	2,012.0	23	 
2015	11760	465	UNLV	-	Opponent Totals	-	-	-	-	-	116	 	 	1,464	791	4,372	0.154	1,402	127	218	1,805	128	50	310	47	1,796.0	42	 
2015	11760	10411	USC Upstate	-	Totals	-	-	-	-	-	116	 	 	1,331	719	4,480	0.137	1,224	138	194	1,930	147	37	188	38	1,600.0	17	 
2015	11760	10411	USC Upstate	-	Opponent Totals	-	-	-	-	-	116	 	 	1,510	613	4,329	0.207	1,442	148	230	2,099	138	57	434	70	1,932.0	28	 
2015	11760	695	UT Martin	-	Totals	-	-	-	-	-	110	 	 	1,388	625	3,826	0.199	1,279	149	206	1,611	127	49	262	109	1,717.0	35	 
2015	11760	695	UT Martin	-	Opponent Totals	-	-	-	-	-	110	 	 	1,392	577	3,787	0.215	1,304	127	203	1,606	149	42	321	108	1,721.5	36	 
2015	11760	704	UTEP	-	Totals	-	-	-	-	-	102	 	 	1,122	651	3,791	0.124	1,036	96	143	1,555	137	56	331	56	1,439.5	16	 
2015	11760	704	UTEP	-	Opponent Totals	-	-	-	-	-	102	 	 	1,377	555	3,735	0.220	1,294	138	175	1,718	96	71	346	52	1,759.0	15	 
2015	11760	536	UTRGV	-	Totals	-	-	-	-	-	107	 	 	1,219	674	3,788	0.144	1,148	136	234	1,564	175	34	329	60	1,553.5	40	 
2015	11760	536	UTRGV	-	Opponent Totals	-	-	-	-	-	107	 	 	1,360	550	3,717	0.218	1,278	175	207	1,661	136	28	419	62	1,772.5	31	 
2015	11760	706	UTSA	-	Totals	-	-	-	-	-	110	 	 	1,534	573	3,947	0.243	1,419	122	225	1,752	128	34	410	64	1,895.0	17	 
2015	11760	706	UTSA	-	Opponent Totals	-	-	-	-	-	110	 	 	1,376	598	3,980	0.195	1,263	128	191	1,594	122	44	370	60	1,733.0	29	 
2015	11760	732	Utah	-	Totals	-	-	-	-	-	123	 	 	1,685	652	4,325	0.239	1,564	113	230	1,755	131	48	528	59	2,110.0	44	 
2015	11760	732	Utah	-	Opponent Totals	-	-	-	-	-	123	 	 	1,562	681	4,305	0.205	1,477	131	203	1,692	113	57	355	57	1,927.5	36	 
2015	11760	731	Utah St.	-	Totals	-	-	-	-	-	114	 	 	1,369	643	3,953	0.184	1,292	146	173	1,611	126	24	621	40	1,849.5	41	 
2015	11760	731	Utah St.	-	Opponent Totals	-	-	-	-	-	114	 	 	1,502	694	4,117	0.196	1,408	126	189	1,640	146	44	496	49	1,920.0	32	 
2015	11760	30024	Utah Valley	-	Totals	-	-	-	-	-	121	 	 	1,491	636	3,974	0.215	1,380	162	260	1,490	170	45	449	53	1,922.5	46	 
2015	11760	30024	Utah Valley	-	Opponent Totals	-	-	-	-	-	121	 	 	1,511	629	3,954	0.223	1,419	170	252	1,594	162	50	461	71	1,961.5	49	 
2015	11760	740	VCU	-	Totals	-	-	-	-	-	114	 	 	1,394	637	3,644	0.208	1,315	149	204	1,493	154	65	394	53	1,805.0	27	 
2015	11760	740	VCU	-	Opponent Totals	-	-	-	-	-	114	 	 	1,310	638	3,692	0.182	1,220	154	227	1,360	148	61	355	45	1,702.5	47	 
2015	11760	735	Valparaiso	-	Totals	-	-	-	-	-	120	 	 	1,639	514	4,508	0.250	1,531	133	236	2,102	121	51	389	79	2,017.5	33	 
2015	11760	735	Valparaiso	-	Opponent Totals	-	-	-	-	-	120	 	 	1,525	715	4,626	0.175	1,444	121	243	2,071	133	53	339	103	1,868.5	53	 
2015	11760	739	Villanova	-	Totals	-	-	-	-	-	111	 	 	1,303	648	4,115	0.159	1,221	122	206	1,778	136	37	357	45	1,640.5	35	 
2015	11760	739	Villanova	-	Opponent Totals	-	-	-	-	-	111	 	 	1,467	548	4,051	0.227	1,347	136	196	1,863	122	56	431	50	1,874.5	45	 
2015	11760	746	Virginia	-	Totals	-	-	-	-	-	124	 	 	1,649	584	4,272	0.249	1,535	161	300	1,639	183	54	398	61	2,063.0	32	 
2015	11760	746	Virginia	-	Opponent Totals	-	-	-	-	-	124	 	 	1,638	613	4,177	0.245	1,523	184	229	1,760	161	69	431	59	2,106.5	50	 
2015	11760	742	Virginia Tech	-	Totals	-	-	-	-	-	119	 	 	1,579	632	3,911	0.242	1,481	150	292	1,621	130	84	392	62	2,009.0	54	 
2015	11760	742	Virginia Tech	-	Opponent Totals	-	-	-	-	-	119	 	 	1,378	654	3,872	0.187	1,271	130	226	1,445	150	74	398	60	1,781.0	40	 
2015	11760	749	Wake Forest	-	Totals	-	-	-	-	-	123	 	 	1,574	649	4,003	0.231	1,488	147	225	1,587	151	49	376	51	1,958.0	45	 
2015	11760	749	Wake Forest	-	Opponent Totals	-	-	-	-	-	123	 	 	1,593	624	4,026	0.241	1,479	151	268	1,496	147	77	483	82	2,062.5	44	 
2015	11760	756	Washington	-	Totals	-	-	-	-	-	122	 	 	1,726	452	4,096	0.311	1,614	182	262	1,687	84	30	668	80	2,272.0	20	 
2015	11760	756	Washington	-	Opponent Totals	-	-	-	-	-	122	 	 	1,450	733	4,157	0.172	1,366	84	228	1,692	182	39	296	71	1,721.0	29	 
2015	11760	754	Washington St.	-	Totals	-	-	-	-	-	122	 	 	1,601	718	4,530	0.195	1,494	125	213	1,803	115	47	523	82	2,034.5	24	 
2015	11760	754	Washington St.	-	Opponent Totals	-	-	-	-	-	122	 	 	1,660	687	4,435	0.219	1,560	115	211	1,940	125	71	393	53	2,042.5	34	 
2015	11760	758	Weber St.	-	Totals	-	-	-	-	-	119	 	 	1,405	799	3,833	0.158	1,322	120	248	1,401	179	47	465	41	1,804.5	65	 
2015	11760	758	Weber St.	-	Opponent Totals	-	-	-	-	-	119	 	 	1,416	654	3,752	0.203	1,327	179	216	1,374	120	46	469	33	1,875.5	22	 
2015	11760	768	West Virginia	-	Totals	-	-	-	-	-	107	 	 	1,427	602	3,661	0.225	1,327	97	173	1,416	119	34	444	66	1,780.0	40	 
2015	11760	768	West Virginia	-	Opponent Totals	-	-	-	-	-	107	 	 	1,343	600	3,599	0.206	1,267	119	194	1,418	97	42	378	62	1,693.0	34	 
2015	11760	769	Western Caro.	-	Totals	-	-	-	-	-	122	 	 	1,494	491	4,587	0.219	1,366	158	187	2,007	137	78	398	95	1,929.0	22	 
2015	11760	769	Western Caro.	-	Opponent Totals	-	-	-	-	-	122	 	 	1,767	734	4,838	0.214	1,678	138	201	2,358	158	57	269	86	2,096.5	59	 
2015	11760	771	Western Ill.	-	Totals	-	-	-	-	-	102	 	 	1,140	616	3,603	0.145	1,085	111	157	1,471	154	56	295	41	1,454.5	21	 
2015	11760	771	Western Ill.	-	Opponent Totals	-	-	-	-	-	102	 	 	1,372	554	3,575	0.229	1,297	154	173	1,638	111	51	319	36	1,736.5	11	 
2015	11760	772	Western Ky.	-	Totals	-	-	-	-	-	123	 	 	1,718	566	4,229	0.272	1,603	144	231	1,824	101	121	398	63	2,182.0	44	 
2015	11760	772	Western Ky.	-	Opponent Totals	-	-	-	-	-	123	 	 	1,485	730	4,378	0.172	1,377	101	210	1,643	144	74	351	69	1,835.5	50	 
2015	11760	774	Western Mich.	-	Totals	-	-	-	-	-	141	 	 	1,880	741	5,006	0.228	1,769	142	152	2,191	135	90	353	49	2,288.5	38	 
2015	11760	774	Western Mich.	-	Opponent Totals	-	-	-	-	-	141	 	 	1,851	743	5,104	0.217	1,740	135	240	2,119	142	80	411	81	2,271.5	51	 
2015	11760	782	Wichita St.	-	Totals	-	-	-	-	-	110	 	 	1,493	530	3,995	0.241	1,383	134	192	1,743	117	35	298	57	1,811.0	22	 
2015	11760	782	Wichita St.	-	Opponent Totals	-	-	-	-	-	110	 	 	1,425	574	3,987	0.213	1,321	117	224	1,714	134	45	367	53	1,770.5	28	 
2015	11760	786	William & Mary	-	Totals	-	-	-	-	-	100	 	 	1,093	567	3,573	0.147	1,031	79	158	1,547	143	51	345	43	1,395.5	19	 
2015	11760	786	William & Mary	-	Opponent Totals	-	-	-	-	-	100	 	 	1,407	585	3,749	0.219	1,326	143	226	1,678	79	24	333	53	1,740.5	13	 
2015	11760	792	Winthrop	-	Totals	-	-	-	-	-	123	 	 	1,625	759	4,377	0.198	1,487	145	228	1,797	131	60	450	52	2,055.0	42	 
2015	11760	792	Winthrop	-	Opponent Totals	-	-	-	-	-	123	 	 	1,457	741	4,305	0.166	1,358	131	194	1,736	145	94	362	55	1,863.0	45	 
2015	11760	796	Wisconsin	-	Totals	-	-	-	-	-	116	 	 	1,663	513	4,176	0.275	1,551	147	203	1,903	93	29	548	60	2,113.0	15	 
2015	11760	796	Wisconsin	-	Opponent Totals	-	-	-	-	-	116	 	 	1,374	696	4,283	0.158	1,317	93	231	1,693	147	42	358	66	1,688.0	40	 
2015	11760	2915	Wofford	-	Totals	-	-	-	-	-	126	 	 	1,675	807	4,424	0.196	1,575	193	357	1,720	142	34	342	42	2,073.0	32	 
2015	11760	2915	Wofford	-	Opponent Totals	-	-	-	-	-	126	 	 	1,405	544	3,918	0.220	1,302	142	214	1,614	193	61	495	90	1,855.5	45	 
2015	11760	810	Wright St.	-	Totals	-	-	-	-	-	98	 	 	1,113	524	3,561	0.165	1,038	97	245	1,529	141	21	276	44	1,369.0	27	 
2015	11760	810	Wright St.	-	Opponent Totals	-	-	-	-	-	98	 	 	1,288	482	3,559	0.226	1,191	141	192	1,679	97	44	268	41	1,607.0	32	 
2015	11760	811	Wyoming	-	Totals	-	-	-	-	-	116	 	 	1,571	530	3,848	0.271	1,459	165	210	1,561	106	58	462	41	2,025.0	27	 
2015	11760	811	Wyoming	-	Opponent Totals	-	-	-	-	-	116	 	 	1,432	722	3,998	0.178	1,317	106	191	1,477	165	37	429	54	1,789.5	22	 
2015	11760	812	Xavier	-	Totals	-	-	-	-	-	118	 	 	1,572	593	4,249	0.230	1,446	174	253	1,885	109	45	360	49	1,971.0	31	 
2015	11760	812	Xavier	-	Opponent Totals	-	-	-	-	-	118	 	 	1,424	631	4,249	0.187	1,322	109	184	1,818	173	49	338	56	1,751.0	39	 
2015	11760	813	Yale	-	Totals	-	-	-	-	-	86	 	 	1,184	403	3,345	0.233	1,116	120	150	1,538	90	35	221	52	1,449.5	17	 
2015	11760	813	Yale	-	Opponent Totals	-	-	-	-	-	86	 	 	1,080	461	3,310	0.187	1,004	90	124	1,515	120	50	216	35	1,328.0	13	 
2015	11760	817	Youngstown St.	-	Totals	-	-	-	-	-	117	 	 	1,514	592	4,226	0.218	1,427	127	157	1,810	156	53	444	33	1,916.0	43	 
2015	11760	817	Youngstown St.	-	Opponent Totals	-	-	-	-	-	117	 	 	1,552	686	4,331	0.200	1,475	156	210	1,860	127	63	379	67	1,960.5	37	 
